Id;Price
4567;
5925;
960;
3848;
746;
868;
672;
2471;
4510;
8354;
6393;
13270;
5250;
16751;
11404;
10588;
14925;
6791;
16097;
16428;
6945;
3190;
15709;
13155;
7675;
14686;
609;
11155;
10869;
15742;
9245;
3340;
2359;
8070;
13707;
16079;
15937;
14090;
9008;
16384;
11657;
13151;
8990;
11857;
1565;
8174;
9247;
10478;
15509;
8306;
6642;
7472;
15989;
13682;
163;
7076;
7478;
3029;
1814;
10057;
15100;
12694;
6291;
12603;
3218;
13456;
10170;
4530;
13329;
4820;
10896;
13416;
2701;
11265;
9189;
1858;
14536;
6199;
14730;
7510;
15505;
7446;
14016;
14113;
8721;
6193;
5717;
5427;
9520;
6869;
1658;
6639;
6283;
6257;
15235;
902;
8932;
16469;
2825;
6450;
11366;
3801;
11385;
1079;
3202;
676;
6185;
7730;
2573;
10978;
10962;
8870;
8496;
5517;
927;
13675;
1499;
15536;
8602;
12137;
9865;
16353;
15908;
3944;
10359;
15158;
3259;
7220;
13843;
16736;
702;
16401;
12134;
6918;
11792;
3798;
10395;
11099;
7090;
11260;
9647;
2903;
2071;
8604;
9346;
3945;
3420;
10842;
725;
13931;
16330;
9066;
3326;
1556;
6579;
13877;
9857;
7302;
5684;
6513;
11342;
16561;
6885;
9308;
2559;
6648;
15260;
5113;
16492;
12034;
7248;
2171;
10594;
13241;
7032;
4884;
903;
162;
6566;
8249;
13106;
256;
7976;
8575;
7591;
3204;
15804;
1525;
9038;
13628;
10016;
10208;
2008;
13029;
5099;
9923;
9461;
11086;
15057;
10689;
2053;
16630;
4985;
13881;
13225;
5779;
10262;
10762;
9513;
11128;
2074;
933;
2780;
6594;
15394;
14863;
6698;
1611;
174;
5160;
3295;
4559;
8254;
10228;
13924;
15341;
4353;
4334;
1872;
7823;
310;
3704;
11615;
6605;
3381;
2143;
3191;
13980;
15613;
10943;
9654;
16053;
14931;
8299;
2147;
11567;
5905;
11160;
8275;
16398;
11229;
10309;
7340;
7653;
272;
9831;
5016;
5968;
796;
12123;
16629;
2637;
6194;
6216;
14346;
6428;
2891;
84;
9260;
15250;
2348;
10427;
13230;
1691;
8803;
5464;
10559;
16787;
4278;
6183;
12775;
10104;
13663;
9404;
14724;
10040;
4646;
4754;
3310;
2003;
7312;
10921;
13419;
10105;
2196;
12659;
4380;
10847;
10805;
8709;
8319;
2215;
7000;
7701;
9678;
14026;
7971;
13734;
16483;
6150;
2931;
5418;
1662;
2441;
669;
7734;
6010;
266;
632;
16221;
11832;
5035;
37;
6168;
11757;
8086;
6529;
15121;
13904;
3711;
16563;
14494;
3006;
15299;
92;
8066;
16071;
10662;
3883;
5511;
2821;
9570;
4326;
9251;
9031;
12689;
16380;
1053;
4568;
16140;
14356;
8466;
15652;
3285;
3198;
14088;
2268;
15472;
1203;
7157;
6886;
5083;
7467;
14068;
2080;
10865;
13516;
14150;
7609;
2144;
10357;
2396;
1526;
10890;
8638;
6050;
7639;
10544;
9577;
13195;
3484;
16668;
7171;
8547;
12735;
9093;
15323;
14897;
5135;
5327;
13133;
1676;
16296;
1095;
12528;
7348;
11663;
1803;
1510;
16045;
2900;
3236;
1318;
14948;
7840;
15325;
8700;
15706;
14449;
16117;
4529;
11199;
4052;
821;
68;
554;
452;
11394;
11393;
9535;
4024;
10069;
12007;
12368;
1259;
1124;
3707;
8767;
1919;
16741;
6664;
5688;
7799;
14843;
7532;
8133;
6264;
4125;
2410;
13607;
1716;
1370;
2273;
15298;
4284;
12303;
7808;
2203;
7237;
15864;
2844;
5729;
11812;
1779;
6442;
6160;
8266;
9903;
2867;
6998;
13932;
12587;
3611;
2646;
1890;
860;
14187;
12569;
1276;
12025;
4890;
14410;
10352;
11407;
10384;
7622;
12578;
15820;
563;
15226;
6396;
6247;
3339;
10975;
7475;
11129;
3051;
10232;
14106;
5502;
4558;
4181;
8426;
6611;
14641;
15539;
13119;
11716;
7316;
7791;
13034;
1068;
4060;
10172;
2591;
12494;
7828;
15284;
7947;
16335;
10234;
2797;
5341;
3059;
1559;
15320;
10284;
4134;
4481;
7222;
4062;
2192;
9637;
16236;
4272;
9406;
14309;
1946;
16235;
7146;
16784;
349;
6251;
5128;
11718;
16721;
12517;
15961;
9428;
14541;
10168;
11270;
13210;
11518;
12612;
16352;
9935;
15521;
11482;
11443;
9459;
9218;
854;
5619;
9208;
4391;
15207;
7183;
16442;
7936;
10606;
4979;
4854;
16476;
10516;
16261;
90;
5433;
14338;
13487;
8211;
170;
14051;
10686;
7595;
6777;
14661;
13991;
16795;
2740;
7368;
2413;
1852;
15200;
8467;
16379;
3375;
5945;
2641;
2837;
3498;
10876;
1285;
9285;
4015;
2526;
7814;
7117;
12359;
3303;
13874;
5484;
15067;
12639;
3388;
4256;
15738;
14049;
15780;
9564;
11910;
11315;
1733;
3910;
7552;
254;
5222;
8314;
16743;
10335;
8226;
12254;
13152;
15020;
16349;
11924;
12543;
14114;
12318;
15383;
6679;
635;
15993;
11375;
11216;
15401;
11301;
13804;
10839;
1588;
3596;
5816;
8099;
6551;
14075;
13431;
9481;
5295;
15859;
10634;
444;
11686;
1213;
13970;
6849;
9911;
5649;
7184;
5877;
1655;
15301;
12389;
5241;
7048;
10574;
8593;
4752;
14663;
10994;
87;
5132;
6372;
7411;
3319;
9355;
5139;
56;
3249;
5047;
13238;
2190;
15599;
6542;
1968;
5630;
9157;
789;
1413;
12514;
13459;
1345;
4034;
15169;
6770;
3334;
12998;
15870;
1871;
5770;
13196;
7633;
10699;
15470;
1903;
13860;
7649;
11043;
2922;
7538;
9477;
117;
1457;
7082;
3053;
12522;
5744;
13566;
1464;
3852;
9557;
14719;
13978;
3286;
13019;
1421;
13502;
14811;
9297;
7749;
16555;
14576;
12766;
4679;
10033;
11231;
15112;
10617;
2175;
16502;
10106;
12561;
15907;
8069;
8316;
12343;
12092;
1527;
10010;
655;
10549;
3248;
13499;
14959;
6070;
11360;
12102;
11870;
3713;
3230;
7742;
15092;
8728;
3386;
9409;
16545;
3127;
11344;
2112;
7310;
6313;
3681;
5114;
270;
14350;
12223;
1066;
16116;
11410;
4088;
5956;
14669;
13871;
4126;
12114;
16607;
4266;
13518;
11856;
3885;
8891;
4964;
7696;
6894;
9766;
4800;
2840;
4743;
13562;
8301;
5405;
1535;
9073;
1698;
12262;
6794;
12701;
8432;
13540;
8629;
1440;
8596;
9575;
14976;
3149;
5157;
10748;
9719;
6376;
9733;
4749;
4994;
538;
5512;
9778;
9761;
3174;
13429;
10467;
14129;
13608;
11106;
12048;
1054;
3582;
1566;
11529;
11859;
10582;
14907;
14039;
10489;
3331;
10153;
5271;
11871;
776;
3994;
9433;
14275;
8030;
8169;
8053;
4822;
13197;
13634;
8951;
12176;
15471;
14962;
12512;
8697;
7095;
13639;
16660;
5848;
5386;
10880;
3954;
13426;
5966;
16315;
7455;
11071;
14740;
16087;
8931;
15289;
16089;
12128;
4724;
8585;
7188;
5423;
10488;
5980;
8376;
12397;
16496;
4891;
9710;
6339;
244;
5002;
5358;
7636;
9361;
3601;
15755;
172;
3037;
577;
3607;
2515;
10413;
10511;
4637;
12736;
9534;
11641;
10419;
15313;
14915;
12409;
9405;
14066;
14108;
11931;
11464;
926;
11190;
10260;
12712;
1234;
11608;
3776;
4881;
10266;
3262;
3576;
16604;
8041;
10691;
8357;
11661;
4453;
15936;
8463;
15770;
466;
14965;
11227;
9894;
11746;
4118;
756;
15589;
109;
5778;
1731;
3450;
2961;
222;
11454;
7339;
12096;
14074;
4058;
6603;
3289;
16681;
8200;
3343;
7802;
2082;
217;
1720;
7224;
6176;
12571;
16666;
8908;
6914;
5428;
381;
3991;
16365;
1046;
391;
9212;
3022;
9961;
6764;
7720;
4809;
8877;
7817;
10614;
5553;
16488;
11002;
13592;
15050;
13553;
9041;
5461;
16274;
2138;
6245;
8245;
6491;
13218;
13101;
10462;
4079;
1506;
14107;
12215;
11576;
10567;
12713;
1468;
2549;
4172;
12380;
3513;
8165;
1127;
14601;
15526;
986;
14968;
9348;
6317;
7497;
5079;
528;
10964;
5812;
11022;
16251;
5863;
8664;
5396;
6917;
12776;
473;
13333;
13023;
7357;
10955;
11914;
12535;
11205;
13209;
16119;
2174;
4834;
10151;
5584;
6672;
12858;
5106;
8884;
13766;
12556;
12910;
6258;
7100;
1793;
3335;
12835;
10591;
15707;
16389;
7440;
6293;
3937;
16527;
5102;
10734;
7986;
6495;
9571;
5131;
10761;
143;
13829;
13662;
1771;
5448;
8594;
12038;
16471;
16764;
1282;
15101;
9473;
2324;
14448;
6000;
2077;
12960;
15837;
8805;
9987;
1580;
11089;
10926;
12773;
6490;
10858;
2831;
16326;
371;
8852;
6713;
4230;
3639;
3642;
5149;
2861;
13300;
2807;
5919;
12716;
4271;
16055;
3747;
5857;
6884;
16027;
3512;
5181;
16732;
1908;
12082;
7286;
8216;
6929;
3950;
12479;
877;
1366;
384;
5767;
6910;
187;
10164;
8603;
15834;
3078;
3479;
6671;
6078;
16271;
16191;
11544;
7781;
14918;
6238;
12989;
11907;
9696;
14084;
3895;
4367;
8453;
7638;
8373;
4674;
15787;
5903;
13679;
9018;
15823;
13289;
9896;
14436;
5547;
4048;
16579;
8550;
9385;
5242;
31;
6144;
3990;
2523;
12608;
7234;
15264;
9623;
3161;
7425;
13021;
4044;
15411;
979;
5514;
4817;
2115;
10571;
8992;
15546;
11359;
11972;
12838;
5948;
422;
4855;
16197;
8926;
5703;
8848;
7039;
3806;
15154;
13132;
7438;
4398;
2440;
3751;
1476;
2264;
16444;
10704;
4033;
4508;
16290;
10387;
5457;
4910;
7451;
10732;
8015;
6148;
5892;
7825;
6851;
6633;
2139;
10213;
2830;
13907;
15897;
8311;
14230;
3878;
13732;
12110;
10675;
12946;
16754;
4394;
16728;
14378;
9949;
994;
13258;
5883;
6933;
13193;
13286;
13407;
7512;
7221;
14428;
1740;
3;
12952;
11537;
2558;
14081;
3517;
7149;
15777;
8995;
826;
509;
14875;
6591;
11283;
9897;
14902;
14291;
3162;
4206;
11580;
2007;
14939;
13572;
10720;
4253;
10857;
6254;
14681;
8080;
8006;
13135;
4527;
12688;
15920;
16786;
16637;
949;
10696;
605;
10819;
9490;
1813;
15958;
10873;
14381;
5745;
286;
14799;
437;
12172;
8534;
14463;
13672;
6720;
16057;
2659;
11649;
4478;
555;
4819;
15188;
16115;
11427;
15483;
829;
13576;
13810;
1052;
10673;
8525;
13154;
13856;
5125;
5551;
14262;
8872;
10341;
7231;
10950;
4031;
13852;
5886;
859;
9436;
13638;
15337;
5506;
13550;
12630;
6466;
3282;
4474;
138;
15490;
11584;
13309;
8860;
14037;
1329;
2198;
1210;
10076;
6692;
6074;
13921;
1646;
11676;
683;
4839;
12392;
5206;
9104;
15554;
1590;
7894;
9286;
15364;
8260;
5746;
3357;
4755;
5896;
16520;
8880;
9321;
16463;
4861;
5687;
2785;
5571;
11070;
11577;
3993;
10908;
3696;
1755;
4053;
11954;
15294;
12452;
2202;
13564;
5134;
7447;
5929;
16714;
13005;
11740;
3535;
11837;
7382;
16709;
5908;
16333;
14776;
831;
5944;
1764;
5782;
7091;
7871;
10449;
15137;
2181;
8667;
4207;
3528;
5611;
5894;
14255;
16064;
5076;
3537;
6369;
1938;
11844;
7717;
3800;
6897;
255;
607;
6368;
15211;
13229;
6091;
14260;
15104;
7378;
12575;
137;
14572;
12530;
512;
7251;
4545;
14928;
3934;
12097;
10979;
16455;
4190;
7577;
11609;
2346;
7363;
13535;
9864;
16645;
2689;
5994;
14493;
7391;
13674;
7137;
5438;
10693;
9037;
14329;
11660;
9734;
12046;
11704;
7843;
3499;
16012;
15759;
10884;
9115;
4066;
12745;
9627;
12977;
7620;
11955;
271;
16091;
2193;
6190;
7071;
14320;
15578;
267;
1930;
7426;
13890;
4176;
5453;
5526;
8780;
10299;
959;
3458;
5363;
9281;
8076;
2492;
4746;
11380;
10881;
16392;
8071;
16740;
4846;
5299;
2046;
11623;
6539;
12234;
14240;
3443;
2127;
11259;
7889;
16655;
15790;
3686;
4392;
3103;
7047;
13014;
11269;
4304;
13513;
12969;
6966;
8883;
6064;
12341;
10107;
130;
2406;
6089;
316;
15812;
7053;
14691;
11881;
13503;
9569;
9846;
14415;
14873;
11180;
7256;
3721;
1211;
14887;
16220;
15451;
1602;
8917;
15595;
15242;
3957;
14923;
3087;
12959;
13631;
12704;
15197;
12599;
8761;
13013;
3464;
2366;
10845;
8092;
10528;
7132;
8958;
7959;
4847;
1477;
8264;
10048;
10492;
3859;
8676;
8146;
1619;
12609;
11001;
3644;
8362;
537;
1298;
1023;
8659;
11538;
16036;
2392;
12099;
12935;
1050;
3068;
2083;
7652;
8696;
11183;
11386;
10752;
3371;
4149;
16775;
12187;
14421;
13693;
6560;
3497;
3396;
1223;
14796;
16190;
6060;
10111;
10983;
11228;
13208;
525;
6923;
6785;
3731;
16577;
6518;
6610;
5509;
9942;
10148;
5351;
11029;
6561;
10056;
13913;
1906;
5081;
6341;
1859;
3336;
14163;
6204;
13285;
11492;
14596;
4696;
4771;
11296;
5851;
2850;
10011;
5988;
2316;
3211;
13525;
6383;
1420;
11748;
4222;
8363;
4412;
14384;
9844;
9315;
11604;
10644;
12995;
16615;
1959;
14562;
11934;
8494;
4255;
13000;
2461;
13661;
2886;
519;
5440;
10353;
12305;
2983;
12032;
743;
8250;
7890;
4722;
15358;
4183;
3970;
303;
2207;
4022;
1132;
12278;
9280;
14940;
6413;
15213;
9656;
12036;
3151;
15530;
13263;
6750;
11488;
9532;
8462;
11494;
10270;
5476;
12486;
5501;
15871;
14733;
6103;
7911;
4359;
9595;
13851;
7854;
8684;
15239;
10012;
14995;
9791;
5567;
10883;
25;
939;
9919;
6321;
16767;
16464;
3170;
1522;
5138;
797;
14586;
2872;
4259;
16616;
16512;
9663;
245;
16369;
5254;
8672;
8004;
3109;
2588;
8814;
15888;
14668;
13432;
7981;
2048;
1667;
2349;
6136;
8166;
1709;
14649;
9187;
2927;
10220;
6331;
7044;
1736;
1840;
4852;
13311;
3330;
7004;
12472;
7664;
16537;
15032;
5325;
800;
1438;
3953;
7135;
10371;
709;
4836;
14709;
2216;
11948;
5221;
159;
15775;
4818;
10222;
9867;
11763;
511;
9337;
15529;
9134;
2759;
1458;
13261;
11772;
8107;
13847;
14414;
12833;
5282;
13760;
430;
12580;
10985;
14321;
15960;
4803;
6741;
4046;
5060;
9593;
8088;
13888;
12065;
13336;
2449;
7499;
11082;
211;
11469;
5452;
7732;
10080;
15088;
6112;
7903;
2249;
79;
13941;
6693;
1156;
3877;
2864;
4519;
4712;
4642;
4766;
2429;
12013;
12309;
5505;
13711;
10483;
1648;
9391;
699;
7034;
10415;
839;
7602;
15682;
16354;
13686;
5026;
3081;
5009;
4173;
3228;
15482;
5700;
6252;
8207;
2984;
3507;
15950;
13377;
15594;
11798;
13493;
4976;
3771;
1107;
16171;
15257;
6221;
4936;
6343;
16109;
15352;
9489;
14029;
4879;
6828;
11950;
14964;
9074;
10514;
10702;
3476;
15469;
5608;
13446;
1683;
6759;
186;
7822;
7017;
1944;
10515;
2824;
3649;
8228;
6599;
9165;
12316;
11720;
13943;
15315;
14812;
4799;
2600;
5724;
3033;
2985;
8885;
12691;
15079;
14599;
7681;
5849;
675;
4343;
3122;
16602;
2211;
12965;
11016;
15756;
16151;
10746;
14130;
2231;
12325;
8949;
2859;
6797;
5793;
1000;
7364;
13802;
12755;
10782;
13169;
9007;
2118;
14517;
3001;
11913;
4030;
5323;
3572;
10290;
15321;
12795;
8845;
14559;
1435;
6180;
10590;
3889;
13160;
15254;
2436;
1770;
912;
12385;
2188;
13444;
11487;
14836;
4923;
15779;
8900;
10932;
6085;
6762;
1005;
16552;
13248;
6580;
10706;
8539;
10743;
9243;
10609;
9638;
5399;
1222;
4124;
2131;
12869;
7899;
3251;
11088;
14653;
3010;
12160;
6288;
14890;
13437;
2385;
16650;
10159;
7940;
12953;
9803;
14247;
5251;
14337;
9967;
4618;
15378;
8963;
2472;
8736;
14823;
8675;
13596;
16487;
12629;
11965;
4136;
13012;
5309;
517;
9553;
10120;
5991;
9862;
9420;
4968;
11904;
15824;
9365;
14879;
8205;
15184;
1918;
16013;
9802;
13752;
16156;
5194;
2746;
15982;
5605;
8288;
5707;
7933;
8324;
2506;
12293;
10551;
5346;
4197;
3237;
3390;
9751;
1391;
1928;
10992;
6792;
5663;
13280;
5218;
16748;
15835;
14850;
1359;
7428;
4201;
13089;
7182;
1467;
9829;
4344;
4129;
1905;
93;
8320;
12070;
8290;
11005;
116;
12275;
12588;
11378;
10961;
10251;
1152;
12167;
11569;
4141;
7614;
13805;
14680;
13543;
6786;
13529;
9158;
5360;
6098;
11174;
307;
1892;
6948;
2227;
12790;
3653;
2912;
16735;
5446;
8532;
10311;
10051;
918;
2766;
734;
6882;
15971;
1735;
442;
7228;
507;
8461;
4514;
4133;
14803;
14297;
9924;
13797;
8497;
8729;
16046;
15087;
2874;
7415;
13893;
12611;
7779;
8221;
7790;
12728;
3372;
12845;
13107;
2475;
5820;
14505;
382;
1339;
4940;
1481;
9025;
14636;
10668;
2025;
2910;
5836;
3444;
11165;
16000;
5281;
15350;
7321;
2863;
3563;
5094;
1027;
7953;
1788;
11061;
1839;
7766;
2250;
14701;
13149;
14040;
13370;
9312;
10493;
11985;
2698;
4659;
3002;
4795;
3986;
1753;
6681;
14801;
14252;
5017;
12267;
10681;
10800;
13910;
355;
12255;
10435;
13840;
7656;
1659;
2333;
4580;
12699;
9974;
14083;
15347;
1473;
4984;
9203;
5806;
5590;
4509;
763;
3067;
1143;
15403;
10793;
4849;
10717;
5430;
5874;
11286;
4407;
11998;
1131;
11920;
12404;
6552;
8459;
4704;
13883;
13830;
13273;
11323;
13257;
15846;
9132;
2909;
15927;
16500;
15974;
1278;
2893;
16128;
12794;
1341;
9219;
2982;
3113;
14358;
295;
732;
14926;
9155;
2045;
3879;
5361;
9750;
1711;
13269;
7020;
832;
4009;
5184;
13844;
12471;
1294;
6058;
15614;
7214;
9841;
4639;
5018;
1139;
2896;
7987;
13272;
13454;
14287;
414;
1524;
5818;
973;
2888;
6269;
7343;
14834;
10672;
2595;
12843;
8973;
13539;
12351;
12322;
13659;
14758;
14157;
9874;
11513;
5034;
6779;
8009;
891;
6663;
11506;
4740;
9254;
2609;
13601;
3862;
16490;
8819;
6836;
16232;
15988;
6009;
15339;
2953;
8340;
8723;
6760;
7960;
13358;
2009;
9977;
12445;
11130;
9205;
9078;
8317;
13108;
15196;
12406;
5946;
5538;
16264;
3752;
13995;
181;
13304;
4262;
11552;
817;
1198;
16535;
450;
13207;
1551;
250;
11528;
16350;
4573;
7990;
2372;
193;
8713;
7617;
1215;
3107;
8756;
15942;
7540;
14629;
8109;
10816;
10205;
4462;
9908;
11376;
16108;
13832;
3744;
15265;
5422;
2941;
15866;
15172;
15904;
5679;
5825;
3958;
8591;
1475;
2397;
12419;
7533;
10339;
8760;
13040;
5620;
4840;
10464;
7543;
1320;
2272;
6550;
4518;
2340;
1484;
1233;
12897;
15344;
7061;
13807;
487;
12297;
13452;
5624;
4483;
265;
503;
8919;
3102;
5190;
7699;
15080;
2439;
4387;
7427;
16056;
14546;
12353;
6991;
18;
459;
433;
12001;
4428;
2650;
5652;
9455;
469;
14997;
624;
798;
12317;
9011;
2923;
7130;
1616;
134;
7463;
15732;
3275;
6621;
10570;
6105;
6858;
1929;
14583;
354;
6378;
13192;
3602;
9148;
5459;
12800;
11077;
7301;
10775;
15009;
8770;
9996;
6810;
11364;
7252;
5910;
13187;
14678;
426;
4099;
13496;
8005;
9467;
6732;
11617;
5439;
14195;
10131;
12788;
13988;
12153;
6270;
10988;
8;
146;
3764;
5118;
11023;
2951;
10101;
4729;
8148;
15305;
8325;
1935;
2839;
1845;
2842;
14019;
11188;
15199;
12563;
5231;
7555;
10436;
14610;
5912;
12443;
15918;
11051;
2714;
10766;
15508;
12118;
9160;
12019;
12062;
9176;
6135;
6563;
5962;
5783;
2580;
802;
956;
8690;
1228;
15046;
5603;
5199;
3842;
7671;
5214;
4381;
4620;
6289;
2692;
9671;
10115;
3164;
10277;
2836;
10486;
13313;
928;
12266;
16085;
2260;
751;
5943;
10141;
337;
12212;
1910;
13403;
3061;
2733;
14115;
2446;
2183;
1926;
6044;
6783;
11437;
10625;
11817;
10545;
3133;
2690;
12705;
4707;
8509;
8065;
14342;
7809;
9403;
1874;
14313;
16466;
10740;
336;
14024;
11170;
4606;
12470;
11636;
11761;
4609;
2330;
14557;
1409;
11189;
9899;
5032;
13387;
7565;
3409;
2898;
6632;
2029;
13254;
1663;
16706;
1723;
10023;
11903;
12450;
15580;
11011;
16756;
13366;
10440;
13961;
3015;
5648;
11547;
12886;
9198;
12434;
10605;
11593;
866;
14734;
5038;
5702;
4937;
11820;
106;
7736;
591;
11462;
15858;
15205;
7607;
3457;
9129;
4161;
13565;
13575;
7522;
1419;
13109;
11539;
15627;
16080;
8818;
15655;
1649;
7741;
15168;
12810;
16689;
9976;
907;
13986;
2710;
12889;
3214;
10022;
15217;
15719;
4515;
16716;
14523;
9989;
13618;
1158;
15397;
11680;
11329;
7431;
4539;
8543;
13784;
1073;
5334;
14316;
8350;
2838;
15543;
11933;
2932;
5859;
8102;
14265;
11906;
11418;
15990;
14498;
2076;
14742;
14578;
16733;
10126;
8331;
12233;
2695;
11610;
6902;
4109;
13330;
3320;
9;
16231;
13771;
1778;
11730;
3543;
423;
6957;
12076;
4974;
5546;
4064;
7924;
6776;
7410;
8956;
4709;
11148;
14788;
12876;
1596;
16214;
8752;
12644;
4198;
15592;
10685;
14466;
16434;
14341;
12708;
13262;
11318;
2033;
15857;
16554;
10771;
15708;
11637;
2870;
7582;
9739;
9342;
6338;
13046;
12579;
6342;
7160;
1324;
12991;
13756;
6019;
10078;
2343;
16275;
5696;
1;
2248;
15628;
682;
14884;
11031;
4001;
8533;
15147;
12747;
13168;
12829;
2675;
882;
14577;
7264;
13799;
2219;
15208;
9178;
9876;
14506;
1695;
6661;
12200;
7963;
3209;
8164;
7584;
7873;
11212;
13736;
626;
6284;
13728;
7099;
1618;
7201;
5902;
15739;
9546;
9505;
7818;
15324;
7289;
4548;
13058;
13623;
2668;
2799;
3867;
8658;
9543;
987;
6209;
7939;
16478;
4258;
12738;
11027;
1741;
16198;
15975;
9224;
16792;
11729;
13121;
16528;
15677;
15433;
4;
12408;
8441;
1624;
16449;
6872;
12271;
13396;
15833;
1105;
4106;
3031;
4546;
8258;
9946;
8027;
6337;
10342;
1885;
619;
3531;
11357;
1380;
5691;
14780;
3930;
3148;
3830;
12670;
14274;
3438;
3242;
5470;
14237;
2431;
1425;
14227;
7009;
16024;
7330;
12378;
10378;
6926;
4027;
7435;
11299;
12112;
4723;
14224;
11300;
16124;
4988;
8019;
4036;
2075;
14593;
4499;
3685;
2168;
8263;
9242;
14855;
2800;
14715;
12729;
14683;
429;
723;
8170;
2770;
14395;
12326;
221;
9448;
1593;
8962;
11068;
7896;
758;
9252;
6077;
4186;
8220;
753;
13063;
5728;
10817;
7868;
8580;
11100;
1003;
4779;
7121;
3946;
4426;
11309;
11285;
8222;
1189;
16356;
446;
8530;
14289;
16009;
9692;
13489;
13010;
6083;
2707;
5898;
12994;
8796;
3009;
7033;
6615;
2235;
5565;
5869;
6384;
1001;
11540;
13967;
4097;
9993;
10166;
15928;
14584;
1962;
10363;
1097;
3430;
1672;
9195;
16193;
9076;
13030;
14459;
8470;
7810;
4342;
8551;
5555;
12190;
8875;
3179;
291;
4549;
11486;
9349;
5305;
3379;
12593;
13712;
12847;
3964;
13981;
2538;
14764;
6147;
16693;
9398;
13554;
11054;
9462;
1528;
7096;
8993;
3738;
15096;
97;
5701;
12401;
2113;
15724;
15692;
12791;
10747;
1730;
5010;
10173;
6771;
6524;
6995;
14303;
1274;
9095;
15435;
9363;
7913;
14286;
4759;
8674;
12459;
436;
13586;
3231;
8124;
1226;
6887;
8855;
1768;
1630;
13293;
5705;
9067;
2790;
15012;
2411;
12054;
15653;
278;
1828;
7031;
3906;
13027;
4505;
3927;
12396;
6394;
8922;
11446;
7546;
15150;
2988;
3077;
2111;
10235;
15784;
12113;
5645;
9326;
12895;
11733;
1201;
5253;
16547;
2378;
11477;
1984;
8806;
16722;
7893;
8821;
9816;
5133;
8377;
7319;
2326;
3492;
14868;
13464;
1137;
15733;
12108;
2564;
11080;
9084;
8744;
5915;
14622;
9818;
2376;
16788;
11363;
14256;
3701;
12627;
9235;
6012;
2189;
14736;
5252;
16708;
320;
6943;
10548;
11356;
5855;
10265;
3325;
10243;
5549;
1284;
14510;
12488;
12089;
11715;
312;
3700;
10028;
12374;
9624;
5232;
13763;
2774;
12312;
3288;
5404;
3555;
3070;
12879;
11402;
9345;
1045;
16544;
5409;
2787;
7055;
2853;
861;
5480;
15178;
13428;
7564;
5974;
16292;
11066;
5265;
1966;
1142;
1721;
16606;
7992;
3304;
15181;
14750;
16207;
14087;
3359;
5926;
12703;
15813;
11697;
12548;
13249;
15248;
15847;
3939;
11961;
1358;
4604;
4357;
5763;
11193;
14327;
10750;
306;
5043;
1343;
8981;
8809;
13563;
8617;
5398;
12061;
2246;
1976;
1729;
3980;
14213;
13944;
2321;
6624;
7751;
15418;
269;
9075;
9636;
13367;
8808;
3260;
13959;
13741;
8198;
5957;
14778;
1202;
2547;
12749;
9547;
12617;
2606;
1350;
822;
2778;
4870;
1985;
12634;
7494;
10397;
3184;
875;
4425;
6285;
10272;
4413;
10671;
16477;
6068;
3085;
5694;
13369;
7268;
10542;
5755;
5152;
12310;
7778;
12539;
13140;
2991;
6763;
9780;
14402;
12143;
15306;
6408;
14645;
5708;
4461;
2649;
10758;
2495;
12117;
6946;
12901;
15637;
625;
3028;
12041;
4885;
7232;
1897;
10380;
13762;
12954;
7621;
5067;
1851;
5042;
5170;
5454;
4423;
9137;
1200;
1134;
2363;
8946;
10223;
834;
14667;
15963;
14232;
9549;
16132;
14712;
4623;
4089;
16054;
1805;
1138;
12929;
7529;
15818;
11222;
923;
10708;
8742;
648;
5287;
16378;
9837;
9653;
6568;
9930;
1823;
3194;
13453;
10226;
10301;
1186;
12857;
4883;
2854;
16744;
6559;
1986;
11373;
10019;
2322;
2214;
8759;
12228;
9563;
7271;
1161;
8436;
390;
2238;
15247;
2728;
13277;
6320;
9152;
14741;
179;
4699;
6726;
12516;
12405;
14354;
11036;
3805;
12287;
13915;
13935;
4463;
14057;
3897;
13602;
14652;
6533;
5485;
5037;
2179;
4786;
940;
13801;
2311;
15753;
7725;
14405;
13461;
14096;
15634;
11208;
8640;
13666;
9169;
5839;
5936;
8843;
10815;
12717;
8548;
8230;
11321;
9767;
497;
9143;
16166;
15231;
9568;
13185;
3594;
5924;
2949;
2762;
2017;
11116;
6626;
13055;
7852;
7930;
10694;
5922;
9209;
9278;
1482;
5671;
10618;
7303;
13702;
6451;
1761;
14567;
12064;
8526;
4270;
9845;
15987;
5923;
13302;
16052;
1613;
7662;
1705;
5845;
8873;
2798;
965;
1355;
16596;
5296;
14032;
2451;
15949;
4393;
764;
5317;
10610;
10646;
7695;
12743;
1837;
10674;
14979;
6683;
6587;
7266;
10136;
1048;
4677;
6976;
8120;
7461;
4229;
15983;
7147;
10409;
4041;
4431;
3196;
9825;
3284;
3838;
9183;
8100;
4922;
10798;
2873;
1952;
6474;
12695;
16195;
237;
13952;
11350;
946;
5985;
16427;
13937;
876;
14371;
5527;
9220;
11726;
2966;
12725;
12457;
16515;
10969;
12647;
3926;
4302;
2508;
8718;
7678;
12912;
5935;
4634;
6208;
7833;
6449;
10692;
2676;
6723;
16727;
5356;
13386;
7813;
16321;
5500;
1917;
11065;
2809;
4220;
16412;
14670;
12787;
3843;
5953;
16182;
1406;
16382;
11650;
721;
11045;
14478;
9214;
8615;
8334;
3389;
2681;
2373;
6031;
2452;
14305;
9484;
862;
3422;
304;
7697;
16394;
2882;
5600;
13649;
3440;
12920;
13733;
3106;
5959;
7748;
6345;
14551;
9496;
7180;
7883;
5875;
5126;
15605;
7306;
10020;
8909;
6719;
5243;
8971;
10062;
11962;
13462;
8986;
7320;
15855;
9415;
11908;
16582;
5573;
6704;
12499;
7110;
13600;
772;
5155;
14191;
3734;
2860;
13680;
9879;
5333;
5208;
188;
11440;
1165;
15559;
12706;
27;
4611;
12937;
16276;
6153;
12058;
14982;
15195;
778;
10769;
3268;
1286;
5450;
1221;
9940;
13325;
12270;
8822;
10897;
9330;
11984;
15056;
14954;
14905;
5219;
6613;
9139;
11456;
16626;
11247;
9972;
2631;
6526;
192;
14160;
7623;
5468;
11331;
3308;
16154;
7526;
10174;
786;
3956;
11499;
2105;
16065;
5999;
1060;
4805;
14876;
1411;
6989;
9869;
1272;
13306;
4853;
210;
4466;
2954;
11110;
6576;
10424;
14269;
7491;
2158;
7386;
10555;
13;
10184;
15576;
10698;
5375;
9089;
6126;
6973;
15437;
5000;
3690;
14190;
14930;
13468;
4658;
9111;
14766;
10291;
7295;
7394;
3936;
7127;
11822;
908;
3669;
15641;
7585;
2569;
976;
16111;
10258;
13075;
13059;
5893;
2308;
6724;
9533;
2122;
3047;
8558;
6977;
9526;
12127;
385;
13382;
4135;
10162;
6932;
13321;
3925;
14794;
15151;
7125;
12017;
12288;
5618;
14018;
16465;
5268;
14685;
6477;
6618;
12521;
14749;
783;
14120;
6367;
9493;
6941;
178;
15073;
14594;
8622;
3740;
3065;
11752;
9928;
329;
15064;
9887;
3263;
3493;
5424;
2560;
7914;
9969;
6223;
3043;
3147;
9366;
9907;
10532;
14417;
12526;
11504;
15999;
11879;
7373;
5654;
3495;
7307;
15417;
6505;
7213;
5107;
3481;
11968;
16723;
14963;
2314;
13224;
7759;
13954;
15957;
9322;
171;
6464;
12195;
3008;
11533;
8792;
13966;
3677;
10647;
10974;
11973;
12958;
9952;
15190;
560;
11684;
3366;
2163;
2229;
16643;
6554;
15889;
13411;
3818;
914;
15357;
264;
12055;
12506;
9986;
7200;
15970;
7485;
362;
2493;
7424;
7746;
62;
12124;
343;
2421;
16110;
13689;
10035;
15361;
10373;
16688;
9368;
3416;
10663;
5286;
12622;
889;
7471;
10154;
14789;
14818;
526;
11780;
7740;
9329;
7255;
16718;
14413;
8950;
7254;
5881;
16737;
9151;
9324;
578;
458;
2261;
4532;
10505;
12168;
5381;
8190;
7661;
2578;
4780;
1538;
14064;
9515;
1254;
2151;
3024;
9799;
10455;
13116;
2575;
7991;
11147;
12618;
11524;
12350;
9009;
1746;
2773;
12679;
5777;
9991;
5473;
2094;
12482;
9693;
6699;
4603;
4205;
2764;
1542;
11336;
13791;
14462;
7739;
14496;
5868;
2789;
4862;
319;
3172;
5674;
5048;
1245;
5906;
9108;
7788;
3315;
7165;
15612;
7693;
10795;
5659;
12551;
3459;
14301;
1645;
5529;
1297;
12463;
7141;
6334;
4221;
12383;
15622;
9199;
4897;
14203;
5349;
2531;
14935;
941;
11298;
15545;
7413;
6507;
5308;
7724;
14089;
5090;
15314;
15668;
14202;
16390;
1501;
16098;
4533;
11010;
8129;
3733;
7191;
5669;
10727;
2023;
6766;
1995;
6935;
4584;
9901;
16374;
9028;
7013;
3014;
7965;
653;
12103;
14000;
16101;
8147;
14304;
7371;
2779;
1781;
8516;
5298;
7948;
5177;
863;
8318;
15712;
8010;
7351;
7654;
1860;
16734;
2848;
4216;
12398;
8982;
13414;
3120;
6071;
7743;
1346;
11643;
4301;
16745;
8726;
13819;
744;
12094;
14004;
10891;
6736;
10613;
76;
1261;
6033;
16482;
3480;
4007;
6937;
6178;
14633;
9382;
11971;
14461;
2509;
10714;
14363;
4244;
227;
4498;
9453;
14134;
13920;
15077;
6680;
1899;
516;
3213;
8944;
3726;
6380;
12849;
12751;
3139;
13621;
7115;
4830;
10785;
4248;
2161;
10707;
13314;
3658;
1738;
11744;
7407;
5169;
3821;
5805;
1573;
12131;
15806;
11672;
3892;
11727;
16319;
5055;
14296;
10905;
2590;
4475;
3313;
2464;
12184;
14886;
1385;
15561;
9884;
9895;
16307;
2978;
6553;
3951;
1555;
8502;
15095;
7372;
4385;
4362;
13831;
6489;
3098;
6268;
11688;
12426;
13894;
7239;
425;
3425;
781;
6206;
6543;
13646;
1686;
10664;
13420;
14300;
10604;
64;
2786;
5622;
10123;
4096;
3502;
1758;
3570;
7227;
13451;
13668;
9599;
5260;
10087;
6075;
15227;
7864;
15836;
16267;
15771;
7644;
6026;
14857;
12003;
3770;
14196;
7468;
12165;
14233;
9126;
7229;
3384;
6401;
10877;
6045;
10901;
8999;
16355;
5110;
1474;
15023;
82;
321;
8236;
123;
7210;
8979;
9702;
9258;
1402;
15587;
14438;
9133;
9672;
9313;
1353;
514;
364;
1895;
206;
15290;
13504;
14673;
15642;
10729;
5837;
395;
3679;
7673;
7785;
10264;
7962;
11683;
15650;
4247;
14721;
11717;
5593;
7855;
5196;
4245;
11424;
15203;
14149;
1352;
16135;
7054;
2044;
1503;
14094;
12235;
8189;
16588;
9957;
9457;
3199;
10789;
5262;
6854;
969;
16613;
12748;
13926;
7390;
14971;
13103;
3616;
5860;
4162;
12144;
8544;
3238;
3341;
12864;
9101;
11325;
3180;
1965;
1893;
12668;
15030;
13404;
807;
8515;
4695;
4761;
12203;
5347;
13399;
13858;
12505;
2442;
15245;
9898;
11651;
6259;
10520;
13599;
9694;
12220;
1529;
14853;
16750;
3630;
15943;
13828;
15618;
6130;
14219;
4276;
12798;
14215;
6290;
16625;
4067;
3552;
3804;
8465;
4395;
5682;
14241;
7489;
12468;
15608;
16783;
11500;
9154;
12474;
6620;
2334;
11545;
2981;
932;
3466;
16367;
7737;
9122;
13015;
950;
14806;
7354;
13706;
13993;
10577;
4592;
10295;
16432;
6453;
621;
7114;
6310;
12769;
12078;
10073;
11732;
3146;
15028;
6718;
6256;
14217;
506;
5013;
5302;
15453;
14535;
8160;
4075;
701;
5807;
8469;
419;
2524;
1633;
2729;
11838;
6052;
1248;
6677;
1347;
8673;
7848;
2024;
8410;
11855;
16426;
1129;
10596;
12640;
1415;
3250;
11081;
2767;
2638;
5377;
5436;
10215;
2662;
6476;
618;
11895;
2292;
30;
1988;
13093;
3786;
7481;
11379;
3352;
2828;
10888;
1119;
4848;
8265;
4774;
16659;
845;
8002;
4583;
7640;
2132;
15218;
3265;
10552;
11551;
6955;
1802;
3258;
3929;
16647;
15419;
375;
9666;
8920;
398;
9583;
12655;
9282;
5057;
3279;
7187;
2428;
13916;
6406;
4224;
9906;
11094;
15896;
1397;
16704;
1816;
16043;
10670;
15967;
8740;
4110;
6402;
7551;
510;
15664;
4148;
4023;
8560;
3715;
4902;
6461;
8651;
9172;
14080;
594;
8159;
12700;
3932;
5651;
12525;
9621;
2166;
11319;
16032;
12185;
13974;
9683;
13655;
5140;
16325;
7261;
3434;
4444;
1804;
3160;
14609;
6675;
13984;
9372;
10929;
16208;
10133;
841;
7885;
1331;
7615;
11503;
11509;
5581;
14579;
8994;
10333;
10948;
10014;
4010;
5393;
9318;
5635;
13478;
13573;
6218;
5916;
16486;
5615;
14483;
11307;
11333;
7762;
13139;
14538;
14761;
13442;
835;
15275;
13908;
15237;
15616;
12420;
5165;
5091;
14626;
16485;
12564;
11169;
14017;
4445;
7735;
10654;
10365;
105;
10878;
14639;
2756;
4364;
16551;
54;
10982;
9314;
7847;
8081;
1585;
10441;
16123;
694;
3823;
6967;
273;
15406;
16472;
4562;
10267;
547;
1166;
11390;
8021;
6179;
13134;
1407;
2691;
4572;
15049;
12669;
15271;
4535;
12720;
11689;
11452;
8905;
3650;
4728;
3316;
1241;
111;
16105;
3472;
13409;
10624;
2940;
11371;
15110;
13589;
197;
8415;
5403;
10350;
13240;
4485;
14006;
11324;
13713;
12346;
5312;
8968;
8954;
2974;
4600;
4306;
12081;
6909;
7064;
8180;
3969;
13475;
3882;
1024;
4200;
14852;
11570;
7902;
997;
10286;
5195;
9476;
988;
13581;
5240;
10907;
8878;
15228;
10523;
7927;
4867;
6325;
4625;
11253;
9922;
3725;
13826;
10612;
9196;
10859;
16397;
3509;
11334;
2858;
2924;
6924;
8305;
12598;
16240;
16357;
3645;
10667;
8754;
3423;
16143;
13473;
3540;
10448;
8295;
2610;
12916;
7946;
164;
12230;
5006;
6322;
4273;
14770;
651;
6816;
8048;
8910;
8984;
7782;
7950;
4215;
10077;
195;
11932;
8047;
1489;
11019;
8155;
11444;
6607;
15929;
15721;
6273;
3418;
9311;
11280;
6427;
12249;
14632;
13567;
2604;
13845;
12898;
3640;
11143;
6463;
5604;
6511;
6825;
6754;
2612;
281;
8186;
13786;
5040;
5856;
7853;
792;
8487;
15017;
1151;
6443;
7938;
2423;
6716;
7169;
9060;
7537;
160;
6954;
9501;
6811;
6174;
7134;
1110;
11845;
3536;
15856;
14071;
9316;
14916;
15912;
15115;
4871;
2106;
1685;
14180;
15431;
12365;
980;
3847;
8151;
190;
12116;
11295;
7989;
3156;
2990;
2262;
16435;
2427;
9438;
13252;
208;
11946;
4720;
13250;
10749;
12945;
3586;
13827;
13095;
11491;
12042;
9234;
3270;
8058;
15371;
856;
4929;
14199;
9835;
4816;
16422;
16617;
6113;
12320;
3346;
9485;
14335;
1990;
9667;
3637;
13094;
13691;
230;
6658;
4375;
16730;
11770;
10823;
8352;
15149;
11124;
7338;
15862;
14101;
1972;
12053;
12513;
4669;
3913;
12529;
3648;
4408;
9167;
3894;
8412;
8451;
4612;
15765;
5787;
13074;
10643;
4019;
14307;
12432;
14013;
14382;
15220;
11958;
11430;
9782;
7603;
7240;
5319;
3598;
15090;
8152;
11797;
15567;
3520;
13945;
2114;
3967;
6765;
11453;
13837;
1257;
8911;
2291;
3691;
15748;
13305;
16283;
16248;
11877;
2444;
641;
7344;
51;
6187;
11475;
13374;
8498;
10255;
12314;
11525;
14595;
11787;
8321;
14869;
10637;
2184;
16789;
10808;
615;
6096;
10966;
11291;
1338;
16217;
14540;
15581;
8689;
4538;
6877;
326;
2088;
9136;
7197;
12504;
9236;
9386;
6853;
1006;
6669;
7769;
10623;
8975;
998;
10281;
15565;
16072;
9851;
8841;
15206;
16677;
1957;
917;
16152;
4651;
9602;
1028;
2267;
16525;
4872;
6246;
5801;
3873;
971;
11640;
16531;
417;
9932;
5692;
11152;
2725;
4016;
3834;
1681;
9331;
14015;
14548;
7514;
11384;
16230;
13079;
7107;
15180;
8948;
1622;
14671;
15984;
8546;
7581;
13303;
16256;
14544;
11498;
6287;
8578;
4896;
15795;
8267;
6445;
1829;
1907;
7021;
7460;
16611;
9033;
3344;
13751;
9665;
14298;
10375;
14986;
6904;
6456;
8227;
3523;
13842;
13900;
6274;
6011;
990;
11589;
15016;
13281;
16301;
6175;
9820;
12024;
2535;
14486;
9973;
153;
16215;
102;
9888;
4285;
4330;
10156;
10601;
11519;
113;
11705;
8167;
4047;
2443;
9232;
12615;
11742;
947;
15412;
13365;
7432;
52;
3177;
16228;
9416;
4429;
6330;
6866;
13494;
7819;
5873;
4963;
11573;
10150;
14793;
12873;
15243;
4821;
11709;
9596;
8197;
9519;
5796;
2812;
10616;
3382;
11890;
13069;
10158;
8252;
8834;
14676;
13060;
10379;
16138;
3912;
5722;
11004;
