,Id
0,4567
1,5925
2,960
3,3848
4,746
5,868
6,672
7,2471
8,4510
9,8354
10,6393
11,13270
12,5250
13,16751
14,11404
15,10588
16,14925
17,6791
18,16097
19,16428
20,6945
21,3190
22,15709
23,13155
24,7675
25,14686
26,609
27,11155
28,10869
29,15742
30,9245
31,3340
32,2359
33,8070
34,13707
35,16079
36,15937
37,14090
38,9008
39,16384
40,11657
41,13151
42,8990
43,11857
44,1565
45,8174
46,9247
47,10478
48,15509
49,8306
50,6642
51,7472
52,15989
53,13682
54,163
55,7076
56,7478
57,3029
58,1814
59,10057
60,15100
61,12694
62,6291
63,12603
64,3218
65,13456
66,10170
67,4530
68,13329
69,4820
70,10896
71,13416
72,2701
73,11265
74,9189
75,1858
76,14536
77,6199
78,14730
79,7510
80,15505
81,7446
82,14016
83,14113
84,8721
85,6193
86,5717
87,5427
88,9520
89,6869
90,1658
91,6639
92,6283
93,6257
94,15235
95,902
96,8932
97,16469
98,2825
99,6450
100,11366
101,3801
102,11385
103,1079
104,3202
105,676
106,6185
107,7730
108,2573
109,10978
110,10962
111,8870
112,8496
113,5517
114,927
115,13675
116,1499
117,15536
118,8602
119,12137
120,9865
121,16353
122,15908
123,3944
124,10359
125,15158
126,3259
127,7220
128,13843
129,16736
130,702
131,16401
132,12134
133,6918
134,11792
135,3798
136,10395
137,11099
138,7090
139,11260
140,9647
141,2903
142,2071
143,8604
144,9346
145,3945
146,3420
147,10842
148,725
149,13931
150,16330
151,9066
152,3326
153,1556
154,6579
155,13877
156,9857
157,7302
158,5684
159,6513
160,11342
161,16561
162,6885
163,9308
164,2559
165,6648
166,15260
167,5113
168,16492
169,12034
170,7248
171,2171
172,10594
173,13241
174,7032
175,4884
176,903
177,162
178,6566
179,8249
180,13106
181,256
182,7976
183,8575
184,7591
185,3204
186,15804
187,1525
188,9038
189,13628
190,10016
191,10208
192,2008
193,13029
194,5099
195,9923
196,9461
197,11086
198,15057
199,10689
200,2053
201,16630
202,4985
203,13881
204,13225
205,5779
206,10262
207,10762
208,9513
209,11128
210,2074
211,933
212,2780
213,6594
214,15394
215,14863
216,6698
217,1611
218,174
219,5160
220,3295
221,4559
222,8254
223,10228
224,13924
225,15341
226,4353
227,4334
228,1872
229,7823
230,310
231,3704
232,11615
233,6605
234,3381
235,2143
236,3191
237,13980
238,15613
239,10943
240,9654
241,16053
242,14931
243,8299
244,2147
245,11567
246,5905
247,11160
248,8275
249,16398
250,11229
251,10309
252,7340
253,7653
254,272
255,9831
256,5016
257,5968
258,796
259,12123
260,16629
261,2637
262,6194
263,6216
264,14346
265,6428
266,2891
267,84
268,9260
269,15250
270,2348
271,10427
272,13230
273,1691
274,8803
275,5464
276,10559
277,16787
278,4278
279,6183
280,12775
281,10104
282,13663
283,9404
284,14724
285,10040
286,4646
287,4754
288,3310
289,2003
290,7312
291,10921
292,13419
293,10105
294,2196
295,12659
296,4380
297,10847
298,10805
299,8709
300,8319
301,2215
302,7000
303,7701
304,9678
305,14026
306,7971
307,13734
308,16483
309,6150
310,2931
311,5418
312,1662
313,2441
314,669
315,7734
316,6010
317,266
318,632
319,16221
320,11832
321,5035
322,37
323,6168
324,11757
325,8086
326,6529
327,15121
328,13904
329,3711
330,16563
331,14494
332,3006
333,15299
334,92
335,8066
336,16071
337,10662
338,3883
339,5511
340,2821
341,9570
342,4326
343,9251
344,9031
345,12689
346,16380
347,1053
348,4568
349,16140
350,14356
351,8466
352,15652
353,3285
354,3198
355,14088
356,2268
357,15472
358,1203
359,7157
360,6886
361,5083
362,7467
363,14068
364,2080
365,10865
366,13516
367,14150
368,7609
369,2144
370,10357
371,2396
372,1526
373,10890
374,8638
375,6050
376,7639
377,10544
378,9577
379,13195
380,3484
381,16668
382,7171
383,8547
384,12735
385,9093
386,15323
387,14897
388,5135
389,5327
390,13133
391,1676
392,16296
393,1095
394,12528
395,7348
396,11663
397,1803
398,1510
399,16045
400,2900
401,3236
402,1318
403,14948
404,7840
405,15325
406,8700
407,15706
408,14449
409,16117
410,4529
411,11199
412,4052
413,821
414,68
415,554
416,452
417,11394
418,11393
419,9535
420,4024
421,10069
422,12007
423,12368
424,1259
425,1124
426,3707
427,8767
428,1919
429,16741
430,6664
431,5688
432,7799
433,14843
434,7532
435,8133
436,6264
437,4125
438,2410
439,13607
440,1716
441,1370
442,2273
443,15298
444,4284
445,12303
446,7808
447,2203
448,7237
449,15864
450,2844
451,5729
452,11812
453,1779
454,6442
455,6160
456,8266
457,9903
458,2867
459,6998
460,13932
461,12587
462,3611
463,2646
464,1890
465,860
466,14187
467,12569
468,1276
469,12025
470,4890
471,14410
472,10352
473,11407
474,10384
475,7622
476,12578
477,15820
478,563
479,15226
480,6396
481,6247
482,3339
483,10975
484,7475
485,11129
486,3051
487,10232
488,14106
489,5502
490,4558
491,4181
492,8426
493,6611
494,14641
495,15539
496,13119
497,11716
498,7316
499,7791
500,13034
501,1068
502,4060
503,10172
504,2591
505,12494
506,7828
507,15284
508,7947
509,16335
510,10234
511,2797
512,5341
513,3059
514,1559
515,15320
516,10284
517,4134
518,4481
519,7222
520,4062
521,2192
522,9637
523,16236
524,4272
525,9406
526,14309
527,1946
528,16235
529,7146
530,16784
531,349
532,6251
533,5128
534,11718
535,16721
536,12517
537,15961
538,9428
539,14541
540,10168
541,11270
542,13210
543,11518
544,12612
545,16352
546,9935
547,15521
548,11482
549,11443
550,9459
551,9218
552,854
553,5619
554,9208
555,4391
556,15207
557,7183
558,16442
559,7936
560,10606
561,4979
562,4854
563,16476
564,10516
565,16261
566,90
567,5433
568,14338
569,13487
570,8211
571,170
572,14051
573,10686
574,7595
575,6777
576,14661
577,13991
578,16795
579,2740
580,7368
581,2413
582,1852
583,15200
584,8467
585,16379
586,3375
587,5945
588,2641
589,2837
590,3498
591,10876
592,1285
593,9285
594,4015
595,2526
596,7814
597,7117
598,12359
599,3303
600,13874
601,5484
602,15067
603,12639
604,3388
605,4256
606,15738
607,14049
608,15780
609,9564
610,11910
611,11315
612,1733
613,3910
614,7552
615,254
616,5222
617,8314
618,16743
619,10335
620,8226
621,12254
622,13152
623,15020
624,16349
625,11924
626,12543
627,14114
628,12318
629,15383
630,6679
631,635
632,15993
633,11375
634,11216
635,15401
636,11301
637,13804
638,10839
639,1588
640,3596
641,5816
642,8099
643,6551
644,14075
645,13431
646,9481
647,5295
648,15859
649,10634
650,444
651,11686
652,1213
653,13970
654,6849
655,9911
656,5649
657,7184
658,5877
659,1655
660,15301
661,12389
662,5241
663,7048
664,10574
665,8593
666,4752
667,14663
668,10994
669,87
670,5132
671,6372
672,7411
673,3319
674,9355
675,5139
676,56
677,3249
678,5047
679,13238
680,2190
681,15599
682,6542
683,1968
684,5630
685,9157
686,789
687,1413
688,12514
689,13459
690,1345
691,4034
692,15169
693,6770
694,3334
695,12998
696,15870
697,1871
698,5770
699,13196
700,7633
701,10699
702,15470
703,1903
704,13860
705,7649
706,11043
707,2922
708,7538
709,9477
710,117
711,1457
712,7082
713,3053
714,12522
715,5744
716,13566
717,1464
718,3852
719,9557
720,14719
721,13978
722,3286
723,13019
724,1421
725,13502
726,14811
727,9297
728,7749
729,16555
730,14576
731,12766
732,4679
733,10033
734,11231
735,15112
736,10617
737,2175
738,16502
739,10106
740,12561
741,15907
742,8069
743,8316
744,12343
745,12092
746,1527
747,10010
748,655
749,10549
750,3248
751,13499
752,14959
753,6070
754,11360
755,12102
756,11870
757,3713
758,3230
759,7742
760,15092
761,8728
762,3386
763,9409
764,16545
765,3127
766,11344
767,2112
768,7310
769,6313
770,3681
771,5114
772,270
773,14350
774,12223
775,1066
776,16116
777,11410
778,4088
779,5956
780,14669
781,13871
782,4126
783,12114
784,16607
785,4266
786,13518
787,11856
788,3885
789,8891
790,4964
791,7696
792,6894
793,9766
794,4800
795,2840
796,4743
797,13562
798,8301
799,5405
800,1535
801,9073
802,1698
803,12262
804,6794
805,12701
806,8432
807,13540
808,8629
809,1440
810,8596
811,9575
812,14976
813,3149
814,5157
815,10748
816,9719
817,6376
818,9733
819,4749
820,4994
821,538
822,5512
823,9778
824,9761
825,3174
826,13429
827,10467
828,14129
829,13608
830,11106
831,12048
832,1054
833,3582
834,1566
835,11529
836,11859
837,10582
838,14907
839,14039
840,10489
841,3331
842,10153
843,5271
844,11871
845,776
846,3994
847,9433
848,14275
849,8030
850,8169
851,8053
852,4822
853,13197
854,13634
855,8951
856,12176
857,15471
858,14962
859,12512
860,8697
861,7095
862,13639
863,16660
864,5848
865,5386
866,10880
867,3954
868,13426
869,5966
870,16315
871,7455
872,11071
873,14740
874,16087
875,8931
876,15289
877,16089
878,12128
879,4724
880,8585
881,7188
882,5423
883,10488
884,5980
885,8376
886,12397
887,16496
888,4891
889,9710
890,6339
891,244
892,5002
893,5358
894,7636
895,9361
896,3601
897,15755
898,172
899,3037
900,577
901,3607
902,2515
903,10413
904,10511
905,4637
906,12736
907,9534
908,11641
909,10419
910,15313
911,14915
912,12409
913,9405
914,14066
915,14108
916,11931
917,11464
918,926
919,11190
920,10260
921,12712
922,1234
923,11608
924,3776
925,4881
926,10266
927,3262
928,3576
929,16604
930,8041
931,10691
932,8357
933,11661
934,4453
935,15936
936,8463
937,15770
938,466
939,14965
940,11227
941,9894
942,11746
943,4118
944,756
945,15589
946,109
947,5778
948,1731
949,3450
950,2961
951,222
952,11454
953,7339
954,12096
955,14074
956,4058
957,6603
958,3289
959,16681
960,8200
961,3343
962,7802
963,2082
964,217
965,1720
966,7224
967,6176
968,12571
969,16666
970,8908
971,6914
972,5428
973,381
974,3991
975,16365
976,1046
977,391
978,9212
979,3022
980,9961
981,6764
982,7720
983,4809
984,8877
985,7817
986,10614
987,5553
988,16488
989,11002
990,13592
991,15050
992,13553
993,9041
994,5461
995,16274
996,2138
997,6245
998,8245
999,6491
1000,13218
1001,13101
1002,10462
1003,4079
1004,1506
1005,14107
1006,12215
1007,11576
1008,10567
1009,12713
1010,1468
1011,2549
1012,4172
1013,12380
1014,3513
1015,8165
1016,1127
1017,14601
1018,15526
1019,986
1020,14968
1021,9348
1022,6317
1023,7497
1024,5079
1025,528
1026,10964
1027,5812
1028,11022
1029,16251
1030,5863
1031,8664
1032,5396
1033,6917
1034,12776
1035,473
1036,13333
1037,13023
1038,7357
1039,10955
1040,11914
1041,12535
1042,11205
1043,13209
1044,16119
1045,2174
1046,4834
1047,10151
1048,5584
1049,6672
1050,12858
1051,5106
1052,8884
1053,13766
1054,12556
1055,12910
1056,6258
1057,7100
1058,1793
1059,3335
1060,12835
1061,10591
1062,15707
1063,16389
1064,7440
1065,6293
1066,3937
1067,16527
1068,5102
1069,10734
1070,7986
1071,6495
1072,9571
1073,5131
1074,10761
1075,143
1076,13829
1077,13662
1078,1771
1079,5448
1080,8594
1081,12038
1082,16471
1083,16764
1084,1282
1085,15101
1086,9473
1087,2324
1088,14448
1089,6000
1090,2077
1091,12960
1092,15837
1093,8805
1094,9987
1095,1580
1096,11089
1097,10926
1098,12773
1099,6490
1100,10858
1101,2831
1102,16326
1103,371
1104,8852
1105,6713
1106,4230
1107,3639
1108,3642
1109,5149
1110,2861
1111,13300
1112,2807
1113,5919
1114,12716
1115,4271
1116,16055
1117,3747
1118,5857
1119,6884
1120,16027
1121,3512
1122,5181
1123,16732
1124,1908
1125,12082
1126,7286
1127,8216
1128,6929
1129,3950
1130,12479
1131,877
1132,1366
1133,384
1134,5767
1135,6910
1136,187
1137,10164
1138,8603
1139,15834
1140,3078
1141,3479
1142,6671
1143,6078
1144,16271
1145,16191
1146,11544
1147,7781
1148,14918
1149,6238
1150,12989
1151,11907
1152,9696
1153,14084
1154,3895
1155,4367
1156,8453
1157,7638
1158,8373
1159,4674
1160,15787
1161,5903
1162,13679
1163,9018
1164,15823
1165,13289
1166,9896
1167,14436
1168,5547
1169,4048
1170,16579
1171,8550
1172,9385
1173,5242
1174,31
1175,6144
1176,3990
1177,2523
1178,12608
1179,7234
1180,15264
1181,9623
1182,3161
1183,7425
1184,13021
1185,4044
1186,15411
1187,979
1188,5514
1189,4817
1190,2115
1191,10571
1192,8992
1193,15546
1194,11359
1195,11972
1196,12838
1197,5948
1198,422
1199,4855
1200,16197
1201,8926
1202,5703
1203,8848
1204,7039
1205,3806
1206,15154
1207,13132
1208,7438
1209,4398
1210,2440
1211,3751
1212,1476
1213,2264
1214,16444
1215,10704
1216,4033
1217,4508
1218,16290
1219,10387
1220,5457
1221,4910
1222,7451
1223,10732
1224,8015
1225,6148
1226,5892
1227,7825
1228,6851
1229,6633
1230,2139
1231,10213
1232,2830
1233,13907
1234,15897
1235,8311
1236,14230
1237,3878
1238,13732
1239,12110
1240,10675
1241,12946
1242,16754
1243,4394
1244,16728
1245,14378
1246,9949
1247,994
1248,13258
1249,5883
1250,6933
1251,13193
1252,13286
1253,13407
1254,7512
1255,7221
1256,14428
1257,1740
1258,3
1259,12952
1260,11537
1261,2558
1262,14081
1263,3517
1264,7149
1265,15777
1266,8995
1267,826
1268,509
1269,14875
1270,6591
1271,11283
1272,9897
1273,14902
1274,14291
1275,3162
1276,4206
1277,11580
1278,2007
1279,14939
1280,13572
1281,10720
1282,4253
1283,10857
1284,6254
1285,14681
1286,8080
1287,8006
1288,13135
1289,4527
1290,12688
1291,15920
1292,16786
1293,16637
1294,949
1295,10696
1296,605
1297,10819
1298,9490
1299,1813
1300,15958
1301,10873
1302,14381
1303,5745
1304,286
1305,14799
1306,437
1307,12172
1308,8534
1309,14463
1310,13672
1311,6720
1312,16057
1313,2659
1314,11649
1315,4478
1316,555
1317,4819
1318,15188
1319,16115
1320,11427
1321,15483
1322,829
1323,13576
1324,13810
1325,1052
1326,10673
1327,8525
1328,13154
1329,13856
1330,5125
1331,5551
1332,14262
1333,8872
1334,10341
1335,7231
1336,10950
1337,4031
1338,13852
1339,5886
1340,859
1341,9436
1342,13638
1343,15337
1344,5506
1345,13550
1346,12630
1347,6466
1348,3282
1349,4474
1350,138
1351,15490
1352,11584
1353,13309
1354,8860
1355,14037
1356,1329
1357,2198
1358,1210
1359,10076
1360,6692
1361,6074
1362,13921
1363,1646
1364,11676
1365,683
1366,4839
1367,12392
1368,5206
1369,9104
1370,15554
1371,1590
1372,7894
1373,9286
1374,15364
1375,8260
1376,5746
1377,3357
1378,4755
1379,5896
1380,16520
1381,8880
1382,9321
1383,16463
1384,4861
1385,5687
1386,2785
1387,5571
1388,11070
1389,11577
1390,3993
1391,10908
1392,3696
1393,1755
1394,4053
1395,11954
1396,15294
1397,12452
1398,2202
1399,13564
1400,5134
1401,7447
1402,5929
1403,16714
1404,13005
1405,11740
1406,3535
1407,11837
1408,7382
1409,16709
1410,5908
1411,16333
1412,14776
1413,831
1414,5944
1415,1764
1416,5782
1417,7091
1418,7871
1419,10449
1420,15137
1421,2181
1422,8667
1423,4207
1424,3528
1425,5611
1426,5894
1427,14255
1428,16064
1429,5076
1430,3537
1431,6369
1432,1938
1433,11844
1434,7717
1435,3800
1436,6897
1437,255
1438,607
1439,6368
1440,15211
1441,13229
1442,6091
1443,14260
1444,15104
1445,7378
1446,12575
1447,137
1448,14572
1449,12530
1450,512
1451,7251
1452,4545
1453,14928
1454,3934
1455,12097
1456,10979
1457,16455
1458,4190
1459,7577
1460,11609
1461,2346
1462,7363
1463,13535
1464,9864
1465,16645
1466,2689
1467,5994
1468,14493
1469,7391
1470,13674
1471,7137
1472,5438
1473,10693
1474,9037
1475,14329
1476,11660
1477,9734
1478,12046
1479,11704
1480,7843
1481,3499
1482,16012
1483,15759
1484,10884
1485,9115
1486,4066
1487,12745
1488,9627
1489,12977
1490,7620
1491,11955
1492,271
1493,16091
1494,2193
1495,6190
1496,7071
1497,14320
1498,15578
1499,267
1500,1930
1501,7426
1502,13890
1503,4176
1504,5453
1505,5526
1506,8780
1507,10299
1508,959
1509,3458
1510,5363
1511,9281
1512,8076
1513,2492
1514,4746
1515,11380
1516,10881
1517,16392
1518,8071
1519,16740
1520,4846
1521,5299
1522,2046
1523,11623
1524,6539
1525,12234
1526,14240
1527,3443
1528,2127
1529,11259
1530,7889
1531,16655
1532,15790
1533,3686
1534,4392
1535,3103
1536,7047
1537,13014
1538,11269
1539,4304
1540,13513
1541,12969
1542,6966
1543,8883
1544,6064
1545,12341
1546,10107
1547,130
1548,2406
1549,6089
1550,316
1551,15812
1552,7053
1553,14691
1554,11881
1555,13503
1556,9569
1557,9846
1558,14415
1559,14873
1560,11180
1561,7256
1562,3721
1563,1211
1564,14887
1565,16220
1566,15451
1567,1602
1568,8917
1569,15595
1570,15242
1571,3957
1572,14923
1573,3087
1574,12959
1575,13631
1576,12704
1577,15197
1578,12599
1579,8761
1580,13013
1581,3464
1582,2366
1583,10845
1584,8092
1585,10528
1586,7132
1587,8958
1588,7959
1589,4847
1590,1477
1591,8264
1592,10048
1593,10492
1594,3859
1595,8676
1596,8146
1597,1619
1598,12609
1599,11001
1600,3644
1601,8362
1602,537
1603,1298
1604,1023
1605,8659
1606,11538
1607,16036
1608,2392
1609,12099
1610,12935
1611,1050
1612,3068
1613,2083
1614,7652
1615,8696
1616,11183
1617,11386
1618,10752
1619,3371
1620,4149
1621,16775
1622,12187
1623,14421
1624,13693
1625,6560
1626,3497
1627,3396
1628,1223
1629,14796
1630,16190
1631,6060
1632,10111
1633,10983
1634,11228
1635,13208
1636,525
1637,6923
1638,6785
1639,3731
1640,16577
1641,6518
1642,6610
1643,5509
1644,9942
1645,10148
1646,5351
1647,11029
1648,6561
1649,10056
1650,13913
1651,1906
1652,5081
1653,6341
1654,1859
1655,3336
1656,14163
1657,6204
1658,13285
1659,11492
1660,14596
1661,4696
1662,4771
1663,11296
1664,5851
1665,2850
1666,10011
1667,5988
1668,2316
1669,3211
1670,13525
1671,6383
1672,1420
1673,11748
1674,4222
1675,8363
1676,4412
1677,14384
1678,9844
1679,9315
1680,11604
1681,10644
1682,12995
1683,16615
1684,1959
1685,14562
1686,11934
1687,8494
1688,4255
1689,13000
1690,2461
1691,13661
1692,2886
1693,519
1694,5440
1695,10353
1696,12305
1697,2983
1698,12032
1699,743
1700,8250
1701,7890
1702,4722
1703,15358
1704,4183
1705,3970
1706,303
1707,2207
1708,4022
1709,1132
1710,12278
1711,9280
1712,14940
1713,6413
1714,15213
1715,9656
1716,12036
1717,3151
1718,15530
1719,13263
1720,6750
1721,11488
1722,9532
1723,8462
1724,11494
1725,10270
1726,5476
1727,12486
1728,5501
1729,15871
1730,14733
1731,6103
1732,7911
1733,4359
1734,9595
1735,13851
1736,7854
1737,8684
1738,15239
1739,10012
1740,14995
1741,9791
1742,5567
1743,10883
1744,25
1745,939
1746,9919
1747,6321
1748,16767
1749,16464
1750,3170
1751,1522
1752,5138
1753,797
1754,14586
1755,2872
1756,4259
1757,16616
1758,16512
1759,9663
1760,245
1761,16369
1762,5254
1763,8672
1764,8004
1765,3109
1766,2588
1767,8814
1768,15888
1769,14668
1770,13432
1771,7981
1772,2048
1773,1667
1774,2349
1775,6136
1776,8166
1777,1709
1778,14649
1779,9187
1780,2927
1781,10220
1782,6331
1783,7044
1784,1736
1785,1840
1786,4852
1787,13311
1788,3330
1789,7004
1790,12472
1791,7664
1792,16537
1793,15032
1794,5325
1795,800
1796,1438
1797,3953
1798,7135
1799,10371
1800,709
1801,4836
1802,14709
1803,2216
1804,11948
1805,5221
1806,159
1807,15775
1808,4818
1809,10222
1810,9867
1811,11763
1812,511
1813,9337
1814,15529
1815,9134
1816,2759
1817,1458
1818,13261
1819,11772
1820,8107
1821,13847
1822,14414
1823,12833
1824,5282
1825,13760
1826,430
1827,12580
1828,10985
1829,14321
1830,15960
1831,4803
1832,6741
1833,4046
1834,5060
1835,9593
1836,8088
1837,13888
1838,12065
1839,13336
1840,2449
1841,7499
1842,11082
1843,211
1844,11469
1845,5452
1846,7732
1847,10080
1848,15088
1849,6112
1850,7903
1851,2249
1852,79
1853,13941
1854,6693
1855,1156
1856,3877
1857,2864
1858,4519
1859,4712
1860,4642
1861,4766
1862,2429
1863,12013
1864,12309
1865,5505
1866,13711
1867,10483
1868,1648
1869,9391
1870,699
1871,7034
1872,10415
1873,839
1874,7602
1875,15682
1876,16354
1877,13686
1878,5026
1879,3081
1880,5009
1881,4173
1882,3228
1883,15482
1884,5700
1885,6252
1886,8207
1887,2984
1888,3507
1889,15950
1890,13377
1891,15594
1892,11798
1893,13493
1894,4976
1895,3771
1896,1107
1897,16171
1898,15257
1899,6221
1900,4936
1901,6343
1902,16109
1903,15352
1904,9489
1905,14029
1906,4879
1907,6828
1908,11950
1909,14964
1910,9074
1911,10514
1912,10702
1913,3476
1914,15469
1915,5608
1916,13446
1917,1683
1918,6759
1919,186
1920,7822
1921,7017
1922,1944
1923,10515
1924,2824
1925,3649
1926,8228
1927,6599
1928,9165
1929,12316
1930,11720
1931,13943
1932,15315
1933,14812
1934,4799
1935,2600
1936,5724
1937,3033
1938,2985
1939,8885
1940,12691
1941,15079
1942,14599
1943,7681
1944,5849
1945,675
1946,4343
1947,3122
1948,16602
1949,2211
1950,12965
1951,11016
1952,15756
1953,16151
1954,10746
1955,14130
1956,2231
1957,12325
1958,8949
1959,2859
1960,6797
1961,5793
1962,1000
1963,7364
1964,13802
1965,12755
1966,10782
1967,13169
1968,9007
1969,2118
1970,14517
1971,3001
1972,11913
1973,4030
1974,5323
1975,3572
1976,10290
1977,15321
1978,12795
1979,8845
1980,14559
1981,1435
1982,6180
1983,10590
1984,3889
1985,13160
1986,15254
1987,2436
1988,1770
1989,912
1990,12385
1991,2188
1992,13444
1993,11487
1994,14836
1995,4923
1996,15779
1997,8900
1998,10932
1999,6085
2000,6762
2001,1005
2002,16552
2003,13248
2004,6580
2005,10706
2006,8539
2007,10743
2008,9243
2009,10609
2010,9638
2011,5399
2012,1222
2013,4124
2014,2131
2015,12869
2016,7899
2017,3251
2018,11088
2019,14653
2020,3010
2021,12160
2022,6288
2023,14890
2024,13437
2025,2385
2026,16650
2027,10159
2028,7940
2029,12953
2030,9803
2031,14247
2032,5251
2033,14337
2034,9967
2035,4618
2036,15378
2037,8963
2038,2472
2039,8736
2040,14823
2041,8675
2042,13596
2043,16487
2044,12629
2045,11965
2046,4136
2047,13012
2048,5309
2049,517
2050,9553
2051,10120
2052,5991
2053,9862
2054,9420
2055,4968
2056,11904
2057,15824
2058,9365
2059,14879
2060,8205
2061,15184
2062,1918
2063,16013
2064,9802
2065,13752
2066,16156
2067,5194
2068,2746
2069,15982
2070,5605
2071,8288
2072,5707
2073,7933
2074,8324
2075,2506
2076,12293
2077,10551
2078,5346
2079,4197
2080,3237
2081,3390
2082,9751
2083,1391
2084,1928
2085,10992
2086,6792
2087,5663
2088,13280
2089,5218
2090,16748
2091,15835
2092,14850
2093,1359
2094,7428
2095,4201
2096,13089
2097,7182
2098,1467
2099,9829
2100,4344
2101,4129
2102,1905
2103,93
2104,8320
2105,12070
2106,8290
2107,11005
2108,116
2109,12275
2110,12588
2111,11378
2112,10961
2113,10251
2114,1152
2115,12167
2116,11569
2117,4141
2118,7614
2119,13805
2120,14680
2121,13543
2122,6786
2123,13529
2124,9158
2125,5360
2126,6098
2127,11174
2128,307
2129,1892
2130,6948
2131,2227
2132,12790
2133,3653
2134,2912
2135,16735
2136,5446
2137,8532
2138,10311
2139,10051
2140,918
2141,2766
2142,734
2143,6882
2144,15971
2145,1735
2146,442
2147,7228
2148,507
2149,8461
2150,4514
2151,4133
2152,14803
2153,14297
2154,9924
2155,13797
2156,8497
2157,8729
2158,16046
2159,15087
2160,2874
2161,7415
2162,13893
2163,12611
2164,7779
2165,8221
2166,7790
2167,12728
2168,3372
2169,12845
2170,13107
2171,2475
2172,5820
2173,14505
2174,382
2175,1339
2176,4940
2177,1481
2178,9025
2179,14636
2180,10668
2181,2025
2182,2910
2183,5836
2184,3444
2185,11165
2186,16000
2187,5281
2188,15350
2189,7321
2190,2863
2191,3563
2192,5094
2193,1027
2194,7953
2195,1788
2196,11061
2197,1839
2198,7766
2199,2250
2200,14701
2201,13149
2202,14040
2203,13370
2204,9312
2205,10493
2206,11985
2207,2698
2208,4659
2209,3002
2210,4795
2211,3986
2212,1753
2213,6681
2214,14801
2215,14252
2216,5017
2217,12267
2218,10681
2219,10800
2220,13910
2221,355
2222,12255
2223,10435
2224,13840
2225,7656
2226,1659
2227,2333
2228,4580
2229,12699
2230,9974
2231,14083
2232,15347
2233,1473
2234,4984
2235,9203
2236,5806
2237,5590
2238,4509
2239,763
2240,3067
2241,1143
2242,15403
2243,10793
2244,4849
2245,10717
2246,5430
2247,5874
2248,11286
2249,4407
2250,11998
2251,1131
2252,11920
2253,12404
2254,6552
2255,8459
2256,4704
2257,13883
2258,13830
2259,13273
2260,11323
2261,13257
2262,15846
2263,9132
2264,2909
2265,15927
2266,16500
2267,15974
2268,1278
2269,2893
2270,16128
2271,12794
2272,1341
2273,9219
2274,2982
2275,3113
2276,14358
2277,295
2278,732
2279,14926
2280,9155
2281,2045
2282,3879
2283,5361
2284,9750
2285,1711
2286,13269
2287,7020
2288,832
2289,4009
2290,5184
2291,13844
2292,12471
2293,1294
2294,6058
2295,15614
2296,7214
2297,9841
2298,4639
2299,5018
2300,1139
2301,2896
2302,7987
2303,13272
2304,13454
2305,14287
2306,414
2307,1524
2308,5818
2309,973
2310,2888
2311,6269
2312,7343
2313,14834
2314,10672
2315,2595
2316,12843
2317,8973
2318,13539
2319,12351
2320,12322
2321,13659
2322,14758
2323,14157
2324,9874
2325,11513
2326,5034
2327,6779
2328,8009
2329,891
2330,6663
2331,11506
2332,4740
2333,9254
2334,2609
2335,13601
2336,3862
2337,16490
2338,8819
2339,6836
2340,16232
2341,15988
2342,6009
2343,15339
2344,2953
2345,8340
2346,8723
2347,6760
2348,7960
2349,13358
2350,2009
2351,9977
2352,12445
2353,11130
2354,9205
2355,9078
2356,8317
2357,13108
2358,15196
2359,12406
2360,5946
2361,5538
2362,16264
2363,3752
2364,13995
2365,181
2366,13304
2367,4262
2368,11552
2369,817
2370,1198
2371,16535
2372,450
2373,13207
2374,1551
2375,250
2376,11528
2377,16350
2378,4573
2379,7990
2380,2372
2381,193
2382,8713
2383,7617
2384,1215
2385,3107
2386,8756
2387,15942
2388,7540
2389,14629
2390,8109
2391,10816
2392,10205
2393,4462
2394,9908
2395,11376
2396,16108
2397,13832
2398,3744
2399,15265
2400,5422
2401,2941
2402,15866
2403,15172
2404,15904
2405,5679
2406,5825
2407,3958
2408,8591
2409,1475
2410,2397
2411,12419
2412,7533
2413,10339
2414,8760
2415,13040
2416,5620
2417,4840
2418,10464
2419,7543
2420,1320
2421,2272
2422,6550
2423,4518
2424,2340
2425,1484
2426,1233
2427,12897
2428,15344
2429,7061
2430,13807
2431,487
2432,12297
2433,13452
2434,5624
2435,4483
2436,265
2437,503
2438,8919
2439,3102
2440,5190
2441,7699
2442,15080
2443,2439
2444,4387
2445,7427
2446,16056
2447,14546
2448,12353
2449,6991
2450,18
2451,459
2452,433
2453,12001
2454,4428
2455,2650
2456,5652
2457,9455
2458,469
2459,14997
2460,624
2461,798
2462,12317
2463,9011
2464,2923
2465,7130
2466,1616
2467,134
2468,7463
2469,15732
2470,3275
2471,6621
2472,10570
2473,6105
2474,6858
2475,1929
2476,14583
2477,354
2478,6378
2479,13192
2480,3602
2481,9148
2482,5459
2483,12800
2484,11077
2485,7301
2486,10775
2487,15009
2488,8770
2489,9996
2490,6810
2491,11364
2492,7252
2493,5910
2494,13187
2495,14678
2496,426
2497,4099
2498,13496
2499,8005
2500,9467
2501,6732
2502,11617
2503,5439
2504,14195
2505,10131
2506,12788
2507,13988
2508,12153
2509,6270
2510,10988
2511,8
2512,146
2513,3764
2514,5118
2515,11023
2516,2951
2517,10101
2518,4729
2519,8148
2520,15305
2521,8325
2522,1935
2523,2839
2524,1845
2525,2842
2526,14019
2527,11188
2528,15199
2529,12563
2530,5231
2531,7555
2532,10436
2533,14610
2534,5912
2535,12443
2536,15918
2537,11051
2538,2714
2539,10766
2540,15508
2541,12118
2542,9160
2543,12019
2544,12062
2545,9176
2546,6135
2547,6563
2548,5962
2549,5783
2550,2580
2551,802
2552,956
2553,8690
2554,1228
2555,15046
2556,5603
2557,5199
2558,3842
2559,7671
2560,5214
2561,4381
2562,4620
2563,6289
2564,2692
2565,9671
2566,10115
2567,3164
2568,10277
2569,2836
2570,10486
2571,13313
2572,928
2573,12266
2574,16085
2575,2260
2576,751
2577,5943
2578,10141
2579,337
2580,12212
2581,1910
2582,13403
2583,3061
2584,2733
2585,14115
2586,2446
2587,2183
2588,1926
2589,6044
2590,6783
2591,11437
2592,10625
2593,11817
2594,10545
2595,3133
2596,2690
2597,12705
2598,4707
2599,8509
2600,8065
2601,14342
2602,7809
2603,9403
2604,1874
2605,14313
2606,16466
2607,10740
2608,336
2609,14024
2610,11170
2611,4606
2612,12470
2613,11636
2614,11761
2615,4609
2616,2330
2617,14557
2618,1409
2619,11189
2620,9899
2621,5032
2622,13387
2623,7565
2624,3409
2625,2898
2626,6632
2627,2029
2628,13254
2629,1663
2630,16706
2631,1723
2632,10023
2633,11903
2634,12450
2635,15580
2636,11011
2637,16756
2638,13366
2639,10440
2640,13961
2641,3015
2642,5648
2643,11547
2644,12886
2645,9198
2646,12434
2647,10605
2648,11593
2649,866
2650,14734
2651,5038
2652,5702
2653,4937
2654,11820
2655,106
2656,7736
2657,591
2658,11462
2659,15858
2660,15205
2661,7607
2662,3457
2663,9129
2664,4161
2665,13565
2666,13575
2667,7522
2668,1419
2669,13109
2670,11539
2671,15627
2672,16080
2673,8818
2674,15655
2675,1649
2676,7741
2677,15168
2678,12810
2679,16689
2680,9976
2681,907
2682,13986
2683,2710
2684,12889
2685,3214
2686,10022
2687,15217
2688,15719
2689,4515
2690,16716
2691,14523
2692,9989
2693,13618
2694,1158
2695,15397
2696,11680
2697,11329
2698,7431
2699,4539
2700,8543
2701,13784
2702,1073
2703,5334
2704,14316
2705,8350
2706,2838
2707,15543
2708,11933
2709,2932
2710,5859
2711,8102
2712,14265
2713,11906
2714,11418
2715,15990
2716,14498
2717,2076
2718,14742
2719,14578
2720,16733
2721,10126
2722,8331
2723,12233
2724,2695
2725,11610
2726,6902
2727,4109
2728,13330
2729,3320
2730,9
2731,16231
2732,13771
2733,1778
2734,11730
2735,3543
2736,423
2737,6957
2738,12076
2739,4974
2740,5546
2741,4064
2742,7924
2743,6776
2744,7410
2745,8956
2746,4709
2747,11148
2748,14788
2749,12876
2750,1596
2751,16214
2752,8752
2753,12644
2754,4198
2755,15592
2756,10685
2757,14466
2758,16434
2759,14341
2760,12708
2761,13262
2762,11318
2763,2033
2764,15857
2765,16554
2766,10771
2767,15708
2768,11637
2769,2870
2770,7582
2771,9739
2772,9342
2773,6338
2774,13046
2775,12579
2776,6342
2777,7160
2778,1324
2779,12991
2780,13756
2781,6019
2782,10078
2783,2343
2784,16275
2785,5696
2786,1
2787,2248
2788,15628
2789,682
2790,14884
2791,11031
2792,4001
2793,8533
2794,15147
2795,12747
2796,13168
2797,12829
2798,2675
2799,882
2800,14577
2801,7264
2802,13799
2803,2219
2804,15208
2805,9178
2806,9876
2807,14506
2808,1695
2809,6661
2810,12200
2811,7963
2812,3209
2813,8164
2814,7584
2815,7873
2816,11212
2817,13736
2818,626
2819,6284
2820,13728
2821,7099
2822,1618
2823,7201
2824,5902
2825,15739
2826,9546
2827,9505
2828,7818
2829,15324
2830,7289
2831,4548
2832,13058
2833,13623
2834,2668
2835,2799
2836,3867
2837,8658
2838,9543
2839,987
2840,6209
2841,7939
2842,16478
2843,4258
2844,12738
2845,11027
2846,1741
2847,16198
2848,15975
2849,9224
2850,16792
2851,11729
2852,13121
2853,16528
2854,15677
2855,15433
2856,4
2857,12408
2858,8441
2859,1624
2860,16449
2861,6872
2862,12271
2863,13396
2864,15833
2865,1105
2866,4106
2867,3031
2868,4546
2869,8258
2870,9946
2871,8027
2872,6337
2873,10342
2874,1885
2875,619
2876,3531
2877,11357
2878,1380
2879,5691
2880,14780
2881,3930
2882,3148
2883,3830
2884,12670
2885,14274
2886,3438
2887,3242
2888,5470
2889,14237
2890,2431
2891,1425
2892,14227
2893,7009
2894,16024
2895,7330
2896,12378
2897,10378
2898,6926
2899,4027
2900,7435
2901,11299
2902,12112
2903,4723
2904,14224
2905,11300
2906,16124
2907,4988
2908,8019
2909,4036
2910,2075
2911,14593
2912,4499
2913,3685
2914,2168
2915,8263
2916,9242
2917,14855
2918,2800
2919,14715
2920,12729
2921,14683
2922,429
2923,723
2924,8170
2925,2770
2926,14395
2927,12326
2928,221
2929,9448
2930,1593
2931,8962
2932,11068
2933,7896
2934,758
2935,9252
2936,6077
2937,4186
2938,8220
2939,753
2940,13063
2941,5728
2942,10817
2943,7868
2944,8580
2945,11100
2946,1003
2947,4779
2948,7121
2949,3946
2950,4426
2951,11309
2952,11285
2953,8222
2954,1189
2955,16356
2956,446
2957,8530
2958,14289
2959,16009
2960,9692
2961,13489
2962,13010
2963,6083
2964,2707
2965,5898
2966,12994
2967,8796
2968,3009
2969,7033
2970,6615
2971,2235
2972,5565
2973,5869
2974,6384
2975,1001
2976,11540
2977,13967
2978,4097
2979,9993
2980,10166
2981,15928
2982,14584
2983,1962
2984,10363
2985,1097
2986,3430
2987,1672
2988,9195
2989,16193
2990,9076
2991,13030
2992,14459
2993,8470
2994,7810
2995,4342
2996,8551
2997,5555
2998,12190
2999,8875
3000,3179
3001,291
3002,4549
3003,11486
3004,9349
3005,5305
3006,3379
3007,12593
3008,13712
3009,12847
3010,3964
3011,13981
3012,2538
3013,14764
3014,6147
3015,16693
3016,9398
3017,13554
3018,11054
3019,9462
3020,1528
3021,7096
3022,8993
3023,3738
3024,15096
3025,97
3026,5701
3027,12401
3028,2113
3029,15724
3030,15692
3031,12791
3032,10747
3033,1730
3034,5010
3035,10173
3036,6771
3037,6524
3038,6995
3039,14303
3040,1274
3041,9095
3042,15435
3043,9363
3044,7913
3045,14286
3046,4759
3047,8674
3048,12459
3049,436
3050,13586
3051,3231
3052,8124
3053,1226
3054,6887
3055,8855
3056,1768
3057,1630
3058,13293
3059,5705
3060,9067
3061,2790
3062,15012
3063,2411
3064,12054
3065,15653
3066,278
3067,1828
3068,7031
3069,3906
3070,13027
3071,4505
3072,3927
3073,12396
3074,6394
3075,8922
3076,11446
3077,7546
3078,15150
3079,2988
3080,3077
3081,2111
3082,10235
3083,15784
3084,12113
3085,5645
3086,9326
3087,12895
3088,11733
3089,1201
3090,5253
3091,16547
3092,2378
3093,11477
3094,1984
3095,8806
3096,16722
3097,7893
3098,8821
3099,9816
3100,5133
3101,8377
3102,7319
3103,2326
3104,3492
3105,14868
3106,13464
3107,1137
3108,15733
3109,12108
3110,2564
3111,11080
3112,9084
3113,8744
3114,5915
3115,14622
3116,9818
3117,2376
3118,16788
3119,11363
3120,14256
3121,3701
3122,12627
3123,9235
3124,6012
3125,2189
3126,14736
3127,5252
3128,16708
3129,320
3130,6943
3131,10548
3132,11356
3133,5855
3134,10265
3135,3325
3136,10243
3137,5549
3138,1284
3139,14510
3140,12488
3141,12089
3142,11715
3143,312
3144,3700
3145,10028
3146,12374
3147,9624
3148,5232
3149,13763
3150,2774
3151,12312
3152,3288
3153,5404
3154,3555
3155,3070
3156,12879
3157,11402
3158,9345
3159,1045
3160,16544
3161,5409
3162,2787
3163,7055
3164,2853
3165,861
3166,5480
3167,15178
3168,13428
3169,7564
3170,5974
3171,16292
3172,11066
3173,5265
3174,1966
3175,1142
3176,1721
3177,16606
3178,7992
3179,3304
3180,15181
3181,14750
3182,16207
3183,14087
3184,3359
3185,5926
3186,12703
3187,15813
3188,11697
3189,12548
3190,13249
3191,15248
3192,15847
3193,3939
3194,11961
3195,1358
3196,4604
3197,4357
3198,5763
3199,11193
3200,14327
3201,10750
3202,306
3203,5043
3204,1343
3205,8981
3206,8809
3207,13563
3208,8617
3209,5398
3210,12061
3211,2246
3212,1976
3213,1729
3214,3980
3215,14213
3216,13944
3217,2321
3218,6624
3219,7751
3220,15418
3221,269
3222,9075
3223,9636
3224,13367
3225,8808
3226,3260
3227,13959
3228,13741
3229,8198
3230,5957
3231,14778
3232,1202
3233,2547
3234,12749
3235,9547
3236,12617
3237,2606
3238,1350
3239,822
3240,2778
3241,4870
3242,1985
3243,12634
3244,7494
3245,10397
3246,3184
3247,875
3248,4425
3249,6285
3250,10272
3251,4413
3252,10671
3253,16477
3254,6068
3255,3085
3256,5694
3257,13369
3258,7268
3259,10542
3260,5755
3261,5152
3262,12310
3263,7778
3264,12539
3265,13140
3266,2991
3267,6763
3268,9780
3269,14402
3270,12143
3271,15306
3272,6408
3273,14645
3274,5708
3275,4461
3276,2649
3277,10758
3278,2495
3279,12117
3280,6946
3281,12901
3282,15637
3283,625
3284,3028
3285,12041
3286,4885
3287,7232
3288,1897
3289,10380
3290,13762
3291,12954
3292,7621
3293,5067
3294,1851
3295,5042
3296,5170
3297,5454
3298,4423
3299,9137
3300,1200
3301,1134
3302,2363
3303,8946
3304,10223
3305,834
3306,14667
3307,15963
3308,14232
3309,9549
3310,16132
3311,14712
3312,4623
3313,4089
3314,16054
3315,1805
3316,1138
3317,12929
3318,7529
3319,15818
3320,11222
3321,923
3322,10708
3323,8742
3324,648
3325,5287
3326,16378
3327,9837
3328,9653
3329,6568
3330,9930
3331,1823
3332,3194
3333,13453
3334,10226
3335,10301
3336,1186
3337,12857
3338,4883
3339,2854
3340,16744
3341,6559
3342,1986
3343,11373
3344,10019
3345,2322
3346,2214
3347,8759
3348,12228
3349,9563
3350,7271
3351,1161
3352,8436
3353,390
3354,2238
3355,15247
3356,2728
3357,13277
3358,6320
3359,9152
3360,14741
3361,179
3362,4699
3363,6726
3364,12516
3365,12405
3366,14354
3367,11036
3368,3805
3369,12287
3370,13915
3371,13935
3372,4463
3373,14057
3374,3897
3375,13602
3376,14652
3377,6533
3378,5485
3379,5037
3380,2179
3381,4786
3382,940
3383,13801
3384,2311
3385,15753
3386,7725
3387,14405
3388,13461
3389,14096
3390,15634
3391,11208
3392,8640
3393,13666
3394,9169
3395,5839
3396,5936
3397,8843
3398,10815
3399,12717
3400,8548
3401,8230
3402,11321
3403,9767
3404,497
3405,9143
3406,16166
3407,15231
3408,9568
3409,13185
3410,3594
3411,5924
3412,2949
3413,2762
3414,2017
3415,11116
3416,6626
3417,13055
3418,7852
3419,7930
3420,10694
3421,5922
3422,9209
3423,9278
3424,1482
3425,5671
3426,10618
3427,7303
3428,13702
3429,6451
3430,1761
3431,14567
3432,12064
3433,8526
3434,4270
3435,9845
3436,15987
3437,5923
3438,13302
3439,16052
3440,1613
3441,7662
3442,1705
3443,5845
3444,8873
3445,2798
3446,965
3447,1355
3448,16596
3449,5296
3450,14032
3451,2451
3452,15949
3453,4393
3454,764
3455,5317
3456,10610
3457,10646
3458,7695
3459,12743
3460,1837
3461,10674
3462,14979
3463,6683
3464,6587
3465,7266
3466,10136
3467,1048
3468,4677
3469,6976
3470,8120
3471,7461
3472,4229
3473,15983
3474,7147
3475,10409
3476,4041
3477,4431
3478,3196
3479,9825
3480,3284
3481,3838
3482,9183
3483,8100
3484,4922
3485,10798
3486,2873
3487,1952
3488,6474
3489,12695
3490,16195
3491,237
3492,13952
3493,11350
3494,946
3495,5985
3496,16427
3497,13937
3498,876
3499,14371
3500,5527
3501,9220
3502,11726
3503,2966
3504,12725
3505,12457
3506,16515
3507,10969
3508,12647
3509,3926
3510,4302
3511,2508
3512,8718
3513,7678
3514,12912
3515,5935
3516,4634
3517,6208
3518,7833
3519,6449
3520,10692
3521,2676
3522,6723
3523,16727
3524,5356
3525,13386
3526,7813
3527,16321
3528,5500
3529,1917
3530,11065
3531,2809
3532,4220
3533,16412
3534,14670
3535,12787
3536,3843
3537,5953
3538,16182
3539,1406
3540,16382
3541,11650
3542,721
3543,11045
3544,14478
3545,9214
3546,8615
3547,8334
3548,3389
3549,2681
3550,2373
3551,6031
3552,2452
3553,14305
3554,9484
3555,862
3556,3422
3557,304
3558,7697
3559,16394
3560,2882
3561,5600
3562,13649
3563,3440
3564,12920
3565,13733
3566,3106
3567,5959
3568,7748
3569,6345
3570,14551
3571,9496
3572,7180
3573,7883
3574,5875
3575,5126
3576,15605
3577,7306
3578,10020
3579,8909
3580,6719
3581,5243
3582,8971
3583,10062
3584,11962
3585,13462
3586,8986
3587,7320
3588,15855
3589,9415
3590,11908
3591,16582
3592,5573
3593,6704
3594,12499
3595,7110
3596,13600
3597,772
3598,5155
3599,14191
3600,3734
3601,2860
3602,13680
3603,9879
3604,5333
3605,5208
3606,188
3607,11440
3608,1165
3609,15559
3610,12706
3611,27
3612,4611
3613,12937
3614,16276
3615,6153
3616,12058
3617,14982
3618,15195
3619,778
3620,10769
3621,3268
3622,1286
3623,5450
3624,1221
3625,9940
3626,13325
3627,12270
3628,8822
3629,10897
3630,9330
3631,11984
3632,15056
3633,14954
3634,14905
3635,5219
3636,6613
3637,9139
3638,11456
3639,16626
3640,11247
3641,9972
3642,2631
3643,6526
3644,192
3645,14160
3646,7623
3647,5468
3648,11331
3649,3308
3650,16154
3651,7526
3652,10174
3653,786
3654,3956
3655,11499
3656,2105
3657,16065
3658,5999
3659,1060
3660,4805
3661,14876
3662,1411
3663,6989
3664,9869
3665,1272
3666,13306
3667,4853
3668,210
3669,4466
3670,2954
3671,11110
3672,6576
3673,10424
3674,14269
3675,7491
3676,2158
3677,7386
3678,10555
3679,13
3680,10184
3681,15576
3682,10698
3683,5375
3684,9089
3685,6126
3686,6973
3687,15437
3688,5000
3689,3690
3690,14190
3691,14930
3692,13468
3693,4658
3694,9111
3695,14766
3696,10291
3697,7295
3698,7394
3699,3936
3700,7127
3701,11822
3702,908
3703,3669
3704,15641
3705,7585
3706,2569
3707,976
3708,16111
3709,10258
3710,13075
3711,13059
3712,5893
3713,2308
3714,6724
3715,9533
3716,2122
3717,3047
3718,8558
3719,6977
3720,9526
3721,12127
3722,385
3723,13382
3724,4135
3725,10162
3726,6932
3727,13321
3728,3925
3729,14794
3730,15151
3731,7125
3732,12017
3733,12288
3734,5618
3735,14018
3736,16465
3737,5268
3738,14685
3739,6477
3740,6618
3741,12521
3742,14749
3743,783
3744,14120
3745,6367
3746,9493
3747,6941
3748,178
3749,15073
3750,14594
3751,8622
3752,3740
3753,3065
3754,11752
3755,9928
3756,329
3757,15064
3758,9887
3759,3263
3760,3493
3761,5424
3762,2560
3763,7914
3764,9969
3765,6223
3766,3043
3767,3147
3768,9366
3769,9907
3770,10532
3771,14417
3772,12526
3773,11504
3774,15999
3775,11879
3776,7373
3777,5654
3778,3495
3779,7307
3780,15417
3781,6505
3782,7213
3783,5107
3784,3481
3785,11968
3786,16723
3787,14963
3788,2314
3789,13224
3790,7759
3791,13954
3792,15957
3793,9322
3794,171
3795,6464
3796,12195
3797,3008
3798,11533
3799,8792
3800,13966
3801,3677
3802,10647
3803,10974
3804,11973
3805,12958
3806,9952
3807,15190
3808,560
3809,11684
3810,3366
3811,2163
3812,2229
3813,16643
3814,6554
3815,15889
3816,13411
3817,3818
3818,914
3819,15357
3820,264
3821,12055
3822,12506
3823,9986
3824,7200
3825,15970
3826,7485
3827,362
3828,2493
3829,7424
3830,7746
3831,62
3832,12124
3833,343
3834,2421
3835,16110
3836,13689
3837,10035
3838,15361
3839,10373
3840,16688
3841,9368
3842,3416
3843,10663
3844,5286
3845,12622
3846,889
3847,7471
3848,10154
3849,14789
3850,14818
3851,526
3852,11780
3853,7740
3854,9329
3855,7255
3856,16718
3857,14413
3858,8950
3859,7254
3860,5881
3861,16737
3862,9151
3863,9324
3864,578
3865,458
3866,2261
3867,4532
3868,10505
3869,12168
3870,5381
3871,8190
3872,7661
3873,2578
3874,4780
3875,1538
3876,14064
3877,9515
3878,1254
3879,2151
3880,3024
3881,9799
3882,10455
3883,13116
3884,2575
3885,7991
3886,11147
3887,12618
3888,11524
3889,12350
3890,9009
3891,1746
3892,2773
3893,12679
3894,5777
3895,9991
3896,5473
3897,2094
3898,12482
3899,9693
3900,6699
3901,4603
3902,4205
3903,2764
3904,1542
3905,11336
3906,13791
3907,14462
3908,7739
3909,14496
3910,5868
3911,2789
3912,4862
3913,319
3914,3172
3915,5674
3916,5048
3917,1245
3918,5906
3919,9108
3920,7788
3921,3315
3922,7165
3923,15612
3924,7693
3925,10795
3926,5659
3927,12551
3928,3459
3929,14301
3930,1645
3931,5529
3932,1297
3933,12463
3934,7141
3935,6334
3936,4221
3937,12383
3938,15622
3939,9199
3940,4897
3941,14203
3942,5349
3943,2531
3944,14935
3945,941
3946,11298
3947,15545
3948,7413
3949,6507
3950,5308
3951,7724
3952,14089
3953,5090
3954,15314
3955,15668
3956,14202
3957,16390
3958,1501
3959,16098
3960,4533
3961,11010
3962,8129
3963,3733
3964,7191
3965,5669
3966,10727
3967,2023
3968,6766
3969,1995
3970,6935
3971,4584
3972,9901
3973,16374
3974,9028
3975,7013
3976,3014
3977,7965
3978,653
3979,12103
3980,14000
3981,16101
3982,8147
3983,14304
3984,7371
3985,2779
3986,1781
3987,8516
3988,5298
3989,7948
3990,5177
3991,863
3992,8318
3993,15712
3994,8010
3995,7351
3996,7654
3997,1860
3998,16734
3999,2848
4000,4216
4001,12398
4002,8982
4003,13414
4004,3120
4005,6071
4006,7743
4007,1346
4008,11643
4009,4301
4010,16745
4011,8726
4012,13819
4013,744
4014,12094
4015,14004
4016,10891
4017,6736
4018,10613
4019,76
4020,1261
4021,6033
4022,16482
4023,3480
4024,4007
4025,6937
4026,6178
4027,14633
4028,9382
4029,11971
4030,14461
4031,2509
4032,10714
4033,14363
4034,4244
4035,227
4036,4498
4037,9453
4038,14134
4039,13920
4040,15077
4041,6680
4042,1899
4043,516
4044,3213
4045,8944
4046,3726
4047,6380
4048,12849
4049,12751
4050,3139
4051,13621
4052,7115
4053,4830
4054,10785
4055,4248
4056,2161
4057,10707
4058,13314
4059,3658
4060,1738
4061,11744
4062,7407
4063,5169
4064,3821
4065,5805
4066,1573
4067,12131
4068,15806
4069,11672
4070,3892
4071,11727
4072,16319
4073,5055
4074,14296
4075,10905
4076,2590
4077,4475
4078,3313
4079,2464
4080,12184
4081,14886
4082,1385
4083,15561
4084,9884
4085,9895
4086,16307
4087,2978
4088,6553
4089,3951
4090,1555
4091,8502
4092,15095
4093,7372
4094,4385
4095,4362
4096,13831
4097,6489
4098,3098
4099,6268
4100,11688
4101,12426
4102,13894
4103,7239
4104,425
4105,3425
4106,781
4107,6206
4108,6543
4109,13646
4110,1686
4111,10664
4112,13420
4113,14300
4114,10604
4115,64
4116,2786
4117,5622
4118,10123
4119,4096
4120,3502
4121,1758
4122,3570
4123,7227
4124,13451
4125,13668
4126,9599
4127,5260
4128,10087
4129,6075
4130,15227
4131,7864
4132,15836
4133,16267
4134,15771
4135,7644
4136,6026
4137,14857
4138,12003
4139,3770
4140,14196
4141,7468
4142,12165
4143,14233
4144,9126
4145,7229
4146,3384
4147,6401
4148,10877
4149,6045
4150,10901
4151,8999
4152,16355
4153,5110
4154,1474
4155,15023
4156,82
4157,321
4158,8236
4159,123
4160,7210
4161,8979
4162,9702
4163,9258
4164,1402
4165,15587
4166,14438
4167,9133
4168,9672
4169,9313
4170,1353
4171,514
4172,364
4173,1895
4174,206
4175,15290
4176,13504
4177,14673
4178,15642
4179,10729
4180,5837
4181,395
4182,3679
4183,7673
4184,7785
4185,10264
4186,7962
4187,11683
4188,15650
4189,4247
4190,14721
4191,11717
4192,5593
4193,7855
4194,5196
4195,4245
4196,11424
4197,15203
4198,14149
4199,1352
4200,16135
4201,7054
4202,2044
4203,1503
4204,14094
4205,12235
4206,8189
4207,16588
4208,9957
4209,9457
4210,3199
4211,10789
4212,5262
4213,6854
4214,969
4215,16613
4216,12748
4217,13926
4218,7390
4219,14971
4220,13103
4221,3616
4222,5860
4223,4162
4224,12144
4225,8544
4226,3238
4227,3341
4228,12864
4229,9101
4230,11325
4231,3180
4232,1965
4233,1893
4234,12668
4235,15030
4236,13404
4237,807
4238,8515
4239,4695
4240,4761
4241,12203
4242,5347
4243,13399
4244,13858
4245,12505
4246,2442
4247,15245
4248,9898
4249,11651
4250,6259
4251,10520
4252,13599
4253,9694
4254,12220
4255,1529
4256,14853
4257,16750
4258,3630
4259,15943
4260,13828
4261,15618
4262,6130
4263,14219
4264,4276
4265,12798
4266,14215
4267,6290
4268,16625
4269,4067
4270,3552
4271,3804
4272,8465
4273,4395
4274,5682
4275,14241
4276,7489
4277,12468
4278,15608
4279,16783
4280,11500
4281,9154
4282,12474
4283,6620
4284,2334
4285,11545
4286,2981
4287,932
4288,3466
4289,16367
4290,7737
4291,9122
4292,13015
4293,950
4294,14806
4295,7354
4296,13706
4297,13993
4298,10577
4299,4592
4300,10295
4301,16432
4302,6453
4303,621
4304,7114
4305,6310
4306,12769
4307,12078
4308,10073
4309,11732
4310,3146
4311,15028
4312,6718
4313,6256
4314,14217
4315,506
4316,5013
4317,5302
4318,15453
4319,14535
4320,8160
4321,4075
4322,701
4323,5807
4324,8469
4325,419
4326,2524
4327,1633
4328,2729
4329,11838
4330,6052
4331,1248
4332,6677
4333,1347
4334,8673
4335,7848
4336,2024
4337,8410
4338,11855
4339,16426
4340,1129
4341,10596
4342,12640
4343,1415
4344,3250
4345,11081
4346,2767
4347,2638
4348,5377
4349,5436
4350,10215
4351,2662
4352,6476
4353,618
4354,11895
4355,2292
4356,30
4357,1988
4358,13093
4359,3786
4360,7481
4361,11379
4362,3352
4363,2828
4364,10888
4365,1119
4366,4848
4367,8265
4368,4774
4369,16659
4370,845
4371,8002
4372,4583
4373,7640
4374,2132
4375,15218
4376,3265
4377,10552
4378,11551
4379,6955
4380,1802
4381,3258
4382,3929
4383,16647
4384,15419
4385,375
4386,9666
4387,8920
4388,398
4389,9583
4390,12655
4391,9282
4392,5057
4393,3279
4394,7187
4395,2428
4396,13916
4397,6406
4398,4224
4399,9906
4400,11094
4401,15896
4402,1397
4403,16704
4404,1816
4405,16043
4406,10670
4407,15967
4408,8740
4409,4110
4410,6402
4411,7551
4412,510
4413,15664
4414,4148
4415,4023
4416,8560
4417,3715
4418,4902
4419,6461
4420,8651
4421,9172
4422,14080
4423,594
4424,8159
4425,12700
4426,3932
4427,5651
4428,12525
4429,9621
4430,2166
4431,11319
4432,16032
4433,12185
4434,13974
4435,9683
4436,13655
4437,5140
4438,16325
4439,7261
4440,3434
4441,4444
4442,1804
4443,3160
4444,14609
4445,6675
4446,13984
4447,9372
4448,10929
4449,16208
4450,10133
4451,841
4452,7885
4453,1331
4454,7615
4455,11503
4456,11509
4457,5581
4458,14579
4459,8994
4460,10333
4461,10948
4462,10014
4463,4010
4464,5393
4465,9318
4466,5635
4467,13478
4468,13573
4469,6218
4470,5916
4471,16486
4472,5615
4473,14483
4474,11307
4475,11333
4476,7762
4477,13139
4478,14538
4479,14761
4480,13442
4481,835
4482,15275
4483,13908
4484,15237
4485,15616
4486,12420
4487,5165
4488,5091
4489,14626
4490,16485
4491,12564
4492,11169
4493,14017
4494,4445
4495,7735
4496,10654
4497,10365
4498,105
4499,10878
4500,14639
4501,2756
4502,4364
4503,16551
4504,54
4505,10982
4506,9314
4507,7847
4508,8081
4509,1585
4510,10441
4511,16123
4512,694
4513,3823
4514,6967
4515,273
4516,15406
4517,16472
4518,4562
4519,10267
4520,547
4521,1166
4522,11390
4523,8021
4524,6179
4525,13134
4526,1407
4527,2691
4528,4572
4529,15049
4530,12669
4531,15271
4532,4535
4533,12720
4534,11689
4535,11452
4536,8905
4537,3650
4538,4728
4539,3316
4540,1241
4541,111
4542,16105
4543,3472
4544,13409
4545,10624
4546,2940
4547,11371
4548,15110
4549,13589
4550,197
4551,8415
4552,5403
4553,10350
4554,13240
4555,4485
4556,14006
4557,11324
4558,13713
4559,12346
4560,5312
4561,8968
4562,8954
4563,2974
4564,4600
4565,4306
4566,12081
4567,6909
4568,7064
4569,8180
4570,3969
4571,13475
4572,3882
4573,1024
4574,4200
4575,14852
4576,11570
4577,7902
4578,997
4579,10286
4580,5195
4581,9476
4582,988
4583,13581
4584,5240
4585,10907
4586,8878
4587,15228
4588,10523
4589,7927
4590,4867
4591,6325
4592,4625
4593,11253
4594,9922
4595,3725
4596,13826
4597,10612
4598,9196
4599,10859
4600,16397
4601,3509
4602,11334
4603,2858
4604,2924
4605,6924
4606,8305
4607,12598
4608,16240
4609,16357
4610,3645
4611,10667
4612,8754
4613,3423
4614,16143
4615,13473
4616,3540
4617,10448
4618,8295
4619,2610
4620,12916
4621,7946
4622,164
4623,12230
4624,5006
4625,6322
4626,4273
4627,14770
4628,651
4629,6816
4630,8048
4631,8910
4632,8984
4633,7782
4634,7950
4635,4215
4636,10077
4637,195
4638,11932
4639,8047
4640,1489
4641,11019
4642,8155
4643,11444
4644,6607
4645,15929
4646,15721
4647,6273
4648,3418
4649,9311
4650,11280
4651,6427
4652,12249
4653,14632
4654,13567
4655,2604
4656,13845
4657,12898
4658,3640
4659,11143
4660,6463
4661,5604
4662,6511
4663,6825
4664,6754
4665,2612
4666,281
4667,8186
4668,13786
4669,5040
4670,5856
4671,7853
4672,792
4673,8487
4674,15017
4675,1151
4676,6443
4677,7938
4678,2423
4679,6716
4680,7169
4681,9060
4682,7537
4683,160
4684,6954
4685,9501
4686,6811
4687,6174
4688,7134
4689,1110
4690,11845
4691,3536
4692,15856
4693,14071
4694,9316
4695,14916
4696,15912
4697,15115
4698,4871
4699,2106
4700,1685
4701,14180
4702,15431
4703,12365
4704,980
4705,3847
4706,8151
4707,190
4708,12116
4709,11295
4710,7989
4711,3156
4712,2990
4713,2262
4714,16435
4715,2427
4716,9438
4717,13252
4718,208
4719,11946
4720,4720
4721,13250
4722,10749
4723,12945
4724,3586
4725,13827
4726,13095
4727,11491
4728,12042
4729,9234
4730,3270
4731,8058
4732,15371
4733,856
4734,4929
4735,14199
4736,9835
4737,4816
4738,16422
4739,16617
4740,6113
4741,12320
4742,3346
4743,9485
4744,14335
4745,1990
4746,9667
4747,3637
4748,13094
4749,13691
4750,230
4751,6658
4752,4375
4753,16730
4754,11770
4755,10823
4756,8352
4757,15149
4758,11124
4759,7338
4760,15862
4761,14101
4762,1972
4763,12053
4764,12513
4765,4669
4766,3913
4767,12529
4768,3648
4769,4408
4770,9167
4771,3894
4772,8412
4773,8451
4774,4612
4775,15765
4776,5787
4777,13074
4778,10643
4779,4019
4780,14307
4781,12432
4782,14013
4783,14382
4784,15220
4785,11958
4786,11430
4787,9782
4788,7603
4789,7240
4790,5319
4791,3598
4792,15090
4793,8152
4794,11797
4795,15567
4796,3520
4797,13945
4798,2114
4799,3967
4800,6765
4801,11453
4802,13837
4803,1257
4804,8911
4805,2291
4806,3691
4807,15748
4808,13305
4809,16283
4810,16248
4811,11877
4812,2444
4813,641
4814,7344
4815,51
4816,6187
4817,11475
4818,13374
4819,8498
4820,10255
4821,12314
4822,11525
4823,14595
4824,11787
4825,8321
4826,14869
4827,10637
4828,2184
4829,16789
4830,10808
4831,615
4832,6096
4833,10966
4834,11291
4835,1338
4836,16217
4837,14540
4838,15581
4839,8689
4840,4538
4841,6877
4842,326
4843,2088
4844,9136
4845,7197
4846,12504
4847,9236
4848,9386
4849,6853
4850,1006
4851,6669
4852,7769
4853,10623
4854,8975
4855,998
4856,10281
4857,15565
4858,16072
4859,9851
4860,8841
4861,15206
4862,16677
4863,1957
4864,917
4865,16152
4866,4651
4867,9602
4868,1028
4869,2267
4870,16525
4871,4872
4872,6246
4873,5801
4874,3873
4875,971
4876,11640
4877,16531
4878,417
4879,9932
4880,5692
4881,11152
4882,2725
4883,4016
4884,3834
4885,1681
4886,9331
4887,14015
4888,14548
4889,7514
4890,11384
4891,16230
4892,13079
4893,7107
4894,15180
4895,8948
4896,1622
4897,14671
4898,15984
4899,8546
4900,7581
4901,13303
4902,16256
4903,14544
4904,11498
4905,6287
4906,8578
4907,4896
4908,15795
4909,8267
4910,6445
4911,1829
4912,1907
4913,7021
4914,7460
4915,16611
4916,9033
4917,3344
4918,13751
4919,9665
4920,14298
4921,10375
4922,14986
4923,6904
4924,6456
4925,8227
4926,3523
4927,13842
4928,13900
4929,6274
4930,6011
4931,990
4932,11589
4933,15016
4934,13281
4935,16301
4936,6175
4937,9820
4938,12024
4939,2535
4940,14486
4941,9973
4942,153
4943,16215
4944,102
4945,9888
4946,4285
4947,4330
4948,10156
4949,10601
4950,11519
4951,113
4952,11705
4953,8167
4954,4047
4955,2443
4956,9232
4957,12615
4958,11742
4959,947
4960,15412
4961,13365
4962,7432
4963,52
4964,3177
4965,16228
4966,9416
4967,4429
4968,6330
4969,6866
4970,13494
4971,7819
4972,5873
4973,4963
4974,11573
4975,10150
4976,14793
4977,12873
4978,15243
4979,4821
4980,11709
4981,9596
4982,8197
4983,9519
4984,5796
4985,2812
4986,10616
4987,3382
4988,11890
4989,13069
4990,10158
4991,8252
4992,8834
4993,14676
4994,13060
4995,10379
4996,16138
4997,3912
4998,5722
4999,11004
